Date de début,Date de fin,Organisme,code zas,Zas,code site,nom site,type d'implantation,Polluant,type d'influence,Réglementaire,type d'évaluation,type de valeur,valeur,valeur brute,unité de mesure,taux de saisie,couverture temporelle,couverture de données,code qualité,validité,Latitude,Longitude,Ville,CODGEO
2022/01/01 00:00:00,2022/12/31 23:59:59,ATMO GRAND EST,FR44ZAG02,ZAG METZ,FR01011,Metz-Centre,Urbaine,NOX as NO2,Fond,Oui,mesures fixes,Moy. annuelle,21.0,21.22388214904686,µg-m3,99.0,100.0,99.0,R,1,49.119442,6.180833,Metz,57463.0
2022/01/01 00:00:00,2022/12/31 23:59:59,ATMO GRAND EST,FR44ZAG02,ZAG METZ,FR01012,Metz-Borny,Urbaine,NOX as NO2,Fond,Oui,mesures fixes,Moy. annuelle,20.0,20.23951715374834,µg-m3,99.0,100.0,99.0,R,1,49.110283,6.223336,Metz,57463.0
2022/01/01 00:00:00,2022/12/31 23:59:59,ATMO GRAND EST,FR44ZRE01,ZR GRAND-EST,FR01016,Atton,Rurale près des villes,NOX as NO2,Industrielle,Oui,mesures fixes,Moy. annuelle,19.0,19.494452167319512,µg-m3,94.0,96.0,90.0,R,1,48.886387,6.093611,Atton,54027.0
2022/01/01 00:00:00,2022/12/31 23:59:59,ATMO GRAND EST,FR44ZAG02,ZAG METZ,FR01018,Scy-Chazelles,Périurbaine,NOX as NO2,Fond,Oui,mesures indicatives,Moy. annuelle,16.0,16.292532317636198,µg-m3,,,,R,1,49.107502,6.122775,Scy-Chazelles,57642.0
2022/01/01 00:00:00,2022/12/31 23:59:59,ATMO GRAND EST,FR44ZAG02,ZAG METZ,FR01019,Thionville-Piscine,Urbaine,NOX as NO2,Fond,Oui,mesures fixes,Moy. annuelle,17.0,17.48524085690615,µg-m3,98.0,98.0,96.0,R,1,49.36861,6.160831,Thionville,57672.0
2022/01/01 00:00:00,2022/12/31 23:59:59,ATMO GRAND EST,FR44ZAG02,ZAG METZ,FR01020,Thionville-Centre,Urbaine,NOX as NO2,Fond,Oui,mesures fixes,Moy. annuelle,28.0,27.546546896873544,µg-m3,98.0,100.0,98.0,R,1,49.358337,6.156942,Thionville,57672.0
2022/01/01 00:00:00,2022/12/31 23:59:59,ATMO GRAND EST,FR44ZAG02,ZAG METZ,FR01064,Metz- Pont Grilles,Urbaine,NOX as NO2,Trafic,Oui,mesures fixes,Moy. annuelle,44.0,44.26213569865232,µg-m3,99.0,100.0,99.0,R,1,49.12508,6.181219,Metz,57463.0
2022/01/01 00:00:00,2022/12/31 23:59:59,ATMO GRAND EST,FR44ZRE01,ZR GRAND-EST,FR01065,Belleville sur Meuse,Urbaine,NOX as NO2,Trafic,Oui,mesures indicatives,Moy. annuelle,34.0,34.1306970819824,µg-m3,,,,R,1,49.16778,5.387461,Verdun,55545.0
2022/01/01 00:00:00,2022/12/31 23:59:59,ATMO SUD,FR93ZRE02,ZR PROVENCE-ALPES-COTE-D-AZUR,FR02022,Arles,Urbaine,NOX as NO2,Fond,Oui,mesures fixes,Moy. annuelle,20.0,20.45866434378621,µg-m3,99.0,100.0,98.0,R,1,43.675114,4.62921,Arles,13004.0
2022/01/01 00:00:00,2022/12/31 23:59:59,ATMO SUD,FR93ZAG01,ZAG MARSEILLE-AIX,FR02041,SALON,Urbaine,NOX as NO2,Fond,Oui,mesures fixes,Moy. annuelle,17.0,16.92822311673377,µg-m3,99.0,100.0,99.0,R,1,43.639002,5.101097,Salon-de-Provence,13103.0
2022/01/01 00:00:00,2022/12/31 23:59:59,ATMO SUD,FR93ZAG01,ZAG MARSEILLE-AIX,FR02043,Marignane,Urbaine,NOX as NO2,Fond,Oui,mesures fixes,Moy. annuelle,31.0,30.88245553643143,µg-m3,99.0,100.0,99.0,R,1,43.4165306,5.222281,Marignane,13054.0
2022/01/01 00:00:00,2022/12/31 23:59:59,ATMO SUD,FR93ZAG01,ZAG MARSEILLE-AIX,FR03006,MARSEILLE RABATAU,Urbaine,NOX as NO2,Trafic,Oui,mesures fixes,Moy. annuelle,81.0,80.92409386617122,µg-m3,99.0,100.0,98.0,R,1,43.276451,5.39736,Marseille,13208.0
2022/01/01 00:00:00,2022/12/31 23:59:59,ATMO SUD,FR93ZAG01,ZAG MARSEILLE-AIX,FR03014,MARSEILLE ST LOUIS,Urbaine,NOX as NO2,Fond,Oui,mesures fixes,Moy. annuelle,48.0,47.85513172966783,µg-m3,100.0,100.0,100.0,R,1,43.348048,5.360119,Marseille,13215.0
2022/01/01 00:00:00,2022/12/31 23:59:59,ATMO SUD,FR93ZAG01,ZAG MARSEILLE-AIX,FR03021,AIX ROY RENE,Urbaine,NOX as NO2,Trafic,Oui,mesures fixes,Moy. annuelle,49.0,49.38379958725078,µg-m3,100.0,100.0,100.0,R,1,43.524075,5.448164,Aix-en-Provence,13001.0
2022/01/01 00:00:00,2022/12/31 23:59:59,ATMO SUD,FR93ZAG01,ZAG MARSEILLE-AIX,FR03029,AIX CENTRE ECOLE ART,Urbaine,NOX as NO2,Fond,Oui,mesures fixes,Moy. annuelle,26.0,26.42345333799367,µg-m3,98.0,100.0,98.0,R,1,43.530285,5.440912,Aix-en-Provence,13001.0
2022/01/01 00:00:00,2022/12/31 23:59:59,ATMO SUD,FR93ZAG01,ZAG MARSEILLE-AIX,FR03032,AUBAGNE LES PASSONS,Urbaine,NOX as NO2,Fond,Oui,mesures fixes,Moy. annuelle,19.0,19.129528943051408,µg-m3,97.0,100.0,97.0,R,1,43.293138,5.574184,Aubagne,13005.0
2022/01/01 00:00:00,2022/12/31 23:59:59,ATMO SUD,FR93ZAG01,ZAG MARSEILLE-AIX,FR03043,MARSEILLE 5 AVENUES,Urbaine,NOX as NO2,Fond,Oui,mesures fixes,Moy. annuelle,30.0,30.055034270857995,µg-m3,97.0,100.0,97.0,R,1,43.305287,5.394716,Marseille,13204.0
2022/01/01 00:00:00,2022/12/31 23:59:59,ATMO SUD,FR93ZAG03,ZAG TOULON,FR03060,LA SEYNE GENOUD,Urbaine,NOX as NO2,Fond,Oui,mesures fixes,Moy. annuelle,24.0,23.56290545203597,µg-m3,99.0,100.0,99.0,R,1,43.101565,5.875404,La Seyne-sur-Mer,83126.0
2022/01/01 00:00:00,2022/12/31 23:59:59,ATMO SUD,FR93ZAG03,ZAG TOULON,FR03068,TOULON FOCH,Urbaine,NOX as NO2,Trafic,Oui,mesures fixes,Moy. annuelle,60.0,60.16525756525745,µg-m3,99.0,100.0,99.0,R,1,43.126821,5.921605,Toulon,83137.0
2022/01/01 00:00:00,2022/12/31 23:59:59,ATMO SUD,FR93ZRE02,ZR PROVENCE-ALPES-COTE-D-AZUR,FR03070,ESTEREL,Périurbaine,NOX as NO2,Fond,Oui,mesures fixes,Moy. annuelle,11.0,11.354461821527142,µg-m3,99.0,100.0,99.0,R,1,43.437874,6.76839,Fréjus,83061.0
2022/01/01 00:00:00,2022/12/31 23:59:59,ATMO SUD,FR93ZAG03,ZAG TOULON,FR03071,TOULON CLARET,Urbaine,NOX as NO2,Fond,Oui,mesures fixes,Moy. annuelle,31.0,31.26996738117429,µg-m3,98.0,100.0,98.0,R,1,43.131113,5.924184,Toulon,83137.0
2022/01/01 00:00:00,2022/12/31 23:59:59,ATMO SUD,FR93ZAG04,ZAG AVIGNON,FR03080,AVIGNON   MAIRIE,Urbaine,NOX as NO2,Fond,Oui,mesures fixes,Moy. annuelle,20.0,19.6237101582206,µg-m3,100.0,100.0,100.0,R,1,43.949673,4.804341,Avignon,84007.0
2022/01/01 00:00:00,2022/12/31 23:59:59,ATMO SUD,FR93ZAG04,ZAG AVIGNON,FR03084,LE PONTET,Périurbaine,NOX as NO2,Fond,Oui,mesures fixes,Moy. annuelle,26.0,25.86669793621016,µg-m3,98.0,99.0,97.0,R,1,43.960144,4.856731,Le Pontet,84092.0
2022/01/01 00:00:00,2022/12/31 23:59:59,ATMO SUD,FR93ZAG04,ZAG AVIGNON,FR03087,Avignon Semard,Urbaine,NOX as NO2,Trafic,Oui,mesures fixes,Moy. annuelle,46.0,46.4938759157509,µg-m3,100.0,100.0,100.0,R,1,43.93706,4.824909,Avignon,84007.0
2022/01/01 00:00:00,2022/12/31 23:59:59,ATMO SUD,FR93ZAG04,ZAG AVIGNON,FR03091,Avignon Rocade De Gaulle,Urbaine,NOX as NO2,Trafic,Oui,mesures fixes,Moy. annuelle,110.0,110.26979166666678,µg-m3,99.0,27.0,26.0,N,-1,43.9314,4.826875,Avignon,84007.0
2022/01/01 00:00:00,2022/12/31 23:59:59,AIRPARIF,FR11ZAG01,ZAG PARIS,FR04002,GENNEVILLIERS,Urbaine,NOX as NO2,Fond,Oui,mesures fixes,Moy. annuelle,37.0,36.94036359452302,µg-m3,99.0,100.0,99.0,R,1,48.930319,2.29435,Gennevilliers,92036.0
2022/01/01 00:00:00,2022/12/31 23:59:59,AIRPARIF,FR11ZAG01,ZAG PARIS,FR04004,PARIS 18eme,Urbaine,NOX as NO2,Fond,Oui,mesures fixes,Moy. annuelle,38.0,38.14121872381188,µg-m3,95.0,100.0,95.0,R,1,48.891666,2.346667,Paris,75118.0
2022/01/01 00:00:00,2022/12/31 23:59:59,AIRPARIF,FR11ZAG01,ZAG PARIS,FR04012,Place Victor Basch,Urbaine,NOX as NO2,Trafic,Oui,mesures fixes,Moy. annuelle,117.0,117.1432594367882,µg-m3,95.0,100.0,95.0,R,1,48.827778,2.3275,Paris,75114.0
2022/01/01 00:00:00,2022/12/31 23:59:59,AIRPARIF,FR11ZAG01,ZAG PARIS,FR04014,PARIS 12eme,Urbaine,NOX as NO2,Fond,Oui,mesures fixes,Moy. annuelle,34.0,33.504789368104376,µg-m3,91.0,100.0,91.0,R,1,48.837223,2.3939,Paris,75112.0
2022/01/01 00:00:00,2022/12/31 23:59:59,AIRPARIF,FR11ZAG01,ZAG PARIS,FR04017,NEUILLY-SUR-SEINE,Urbaine,NOX as NO2,Fond,Oui,mesures fixes,Moy. annuelle,36.0,36.04192439862551,µg-m3,100.0,100.0,100.0,R,1,48.88139,2.278056,Neuilly-sur-Seine,92051.0
2022/01/01 00:00:00,2022/12/31 23:59:59,AIRPARIF,FR11ZAG01,ZAG PARIS,FR04018,AUBERVILLIERS,Urbaine,NOX as NO2,Fond,Oui,mesures fixes,Moy. annuelle,40.0,40.33889838788463,µg-m3,93.0,100.0,93.0,R,1,48.9039,2.3847,Aubervilliers,93001.0
2022/01/01 00:00:00,2022/12/31 23:59:59,AIRPARIF,FR11ZAG01,ZAG PARIS,FR04024,GONESSE,Périurbaine,NOX as NO2,Fond,Oui,mesures fixes,Moy. annuelle,28.0,28.18010646915865,µg-m3,99.0,100.0,99.0,R,1,48.99083,2.444722,Gonesse,95277.0
2022/01/01 00:00:00,2022/12/31 23:59:59,AIRPARIF,FR11ZAG01,ZAG PARIS,FR04029,VERSAILLES,Périurbaine,NOX as NO2,Fond,Oui,mesures fixes,Moy. annuelle,23.0,22.765582785415493,µg-m3,95.0,100.0,95.0,R,1,48.799168,2.130556,Versailles,78646.0
2022/01/01 00:00:00,2022/12/31 23:59:59,AIRPARIF,FR11ZAG01,ZAG PARIS,FR04031,Av Champs Elysees,Urbaine,NOX as NO2,Trafic,Oui,mesures fixes,Moy. annuelle,54.0,53.79200190430837,µg-m3,97.0,99.0,96.0,R,1,48.868772,2.311231,Paris,75108.0
2022/01/01 00:00:00,2022/12/31 23:59:59,AIRPARIF,FR11ZAG01,ZAG PARIS,FR04034,VITRY-SUR-SEINE,Urbaine,NOX as NO2,Fond,Oui,mesures fixes,Moy. annuelle,29.0,29.19887776034756,µg-m3,95.0,100.0,95.0,R,1,48.775897,2.375788,Vitry-sur-Seine,94081.0
2022/01/01 00:00:00,2022/12/31 23:59:59,AIRPARIF,FR11ZAG01,ZAG PARIS,FR04037,PARIS 13eme,Urbaine,NOX as NO2,Fond,Oui,mesures fixes,Moy. annuelle,30.0,29.989017483378507,µg-m3,93.0,100.0,93.0,R,1,48.82861,2.360278,Paris,75113.0
2022/01/01 00:00:00,2022/12/31 23:59:59,AIRPARIF,FR11ZRE01,ZR ILE-DE-FRANCE,FR04038,Zone Rurale SO,Rurale régionale,NOX as NO2,Fond,Oui,mesures fixes,Moy. annuelle,9.0,9.480174291939,µg-m3,94.0,100.0,94.0,R,1,48.581944,1.883333,Sonchamp,78601.0
2022/01/01 00:00:00,2022/12/31 23:59:59,AIRPARIF,FR11ZAG01,ZAG PARIS,FR04051,ARGENTEUIL,Urbaine,NOX as NO2,Fond,Oui,mesures fixes,Moy. annuelle,34.0,33.534326074161214,µg-m3,97.0,100.0,97.0,R,1,48.95139,2.223611,Argenteuil,95018.0
2022/01/01 00:00:00,2022/12/31 23:59:59,AIRPARIF,FR11ZAG01,ZAG PARIS,FR04055,PARIS 1er Les Halles,Urbaine,NOX as NO2,Fond,Oui,mesures fixes,Moy. annuelle,31.0,31.3361871750434,µg-m3,99.0,100.0,99.0,R,1,48.86212,2.344616,Paris,75101.0
2022/01/01 00:00:00,2022/12/31 23:59:59,AIRPARIF,FR11ZAG01,ZAG PARIS,FR04058,Auto A1 -Saint-Denis,Urbaine,NOX as NO2,Trafic,Oui,mesures fixes,Moy. annuelle,140.0,140.45461629279785,µg-m3,97.0,100.0,97.0,R,1,48.925278,2.356667,Saint-Denis,93066.0
2022/01/01 00:00:00,2022/12/31 23:59:59,AIRPARIF,FR11ZAG01,ZAG PARIS,FR04059,SAINT-DENIS,Urbaine,NOX as NO2,Fond,Oui,mesures fixes,Moy. annuelle,36.0,36.33426066627717,µg-m3,98.0,100.0,98.0,R,1,48.93722,2.361667,Saint-Denis,93066.0
2022/01/01 00:00:00,2022/12/31 23:59:59,AIRPARIF,FR11ZAG01,ZAG PARIS,FR04060,PARIS 7eme,Urbaine,NOX as NO2,Fond,Oui,mesures fixes,Moy. annuelle,33.0,32.90388191538816,µg-m3,98.0,100.0,98.0,R,1,48.8572,2.2933,Paris,75107.0
2022/01/01 00:00:00,2022/12/31 23:59:59,AIRPARIF,FR11ZAG01,ZAG PARIS,FR04063,MANTES-LA-JOLIE,Périurbaine,NOX as NO2,Fond,Oui,mesures fixes,Moy. annuelle,30.0,30.368701223063468,µg-m3,98.0,100.0,98.0,R,1,48.9964,1.7033,Mantes-la-Jolie,78361.0
2022/01/01 00:00:00,2022/12/31 23:59:59,AIRPARIF,FR11ZAG01,ZAG PARIS,FR04069,MELUN,Périurbaine,NOX as NO2,Fond,Oui,mesures fixes,Moy. annuelle,20.0,20.038918296893,µg-m3,99.0,100.0,99.0,R,1,48.54139,2.661389,Melun,77288.0
2022/01/01 00:00:00,2022/12/31 23:59:59,AIRPARIF,FR11ZAG01,ZAG PARIS,FR04071,Rue Bonaparte,Urbaine,NOX as NO2,Trafic,Oui,mesures fixes,Moy. annuelle,73.0,72.71220527045725,µg-m3,99.0,100.0,99.0,R,1,48.856388,2.335278,Paris,75106.0
2022/01/01 00:00:00,2022/12/31 23:59:59,AIRPARIF,FR11ZAG01,ZAG PARIS,FR04098,LOGNES,Urbaine,NOX as NO2,Fond,Oui,mesures fixes,Moy. annuelle,25.0,25.060016429996377,µg-m3,97.0,100.0,97.0,R,1,48.84028,2.635278,Lognes,77258.0
2022/01/01 00:00:00,2022/12/31 23:59:59,AIRPARIF,FR11ZAG01,ZAG PARIS,FR04100,VILLEMOMBLE,Urbaine,NOX as NO2,Fond,Oui,mesures fixes,Moy. annuelle,32.0,32.1598145816642,µg-m3,100.0,100.0,100.0,R,1,48.881947,2.507222,Villemomble,93077.0
2022/01/01 00:00:00,2022/12/31 23:59:59,AIRPARIF,FR11ZAG01,ZAG PARIS,FR04101,CHAMPIGNY-SUR-MARNE,Urbaine,NOX as NO2,Fond,Oui,mesures fixes,Moy. annuelle,32.0,31.728017539810693,µg-m3,99.0,100.0,99.0,R,1,48.816387,2.5175,Champigny-sur-Marne,94017.0
2022/01/01 00:00:00,2022/12/31 23:59:59,AIRPARIF,FR11ZAG01,ZAG PARIS,FR04118,Place de l'Opéra,Urbaine,NOX as NO2,Trafic,Oui,mesures fixes,Moy. annuelle,91.0,91.01895394584596,µg-m3,99.0,100.0,99.0,R,1,48.870274,2.3325,Paris,75102.0
2022/01/01 00:00:00,2022/12/31 23:59:59,AIRPARIF,FR11ZAG01,ZAG PARIS,FR04122,RN6-MELUN,Périurbaine,NOX as NO2,Trafic,Oui,mesures fixes,Moy. annuelle,93.0,92.87936049867233,µg-m3,99.0,100.0,99.0,R,1,48.528057,2.653611,Melun,77288.0
2022/01/01 00:00:00,2022/12/31 23:59:59,AIRPARIF,FR11ZAG01,ZAG PARIS,FR04123,RN2-PANTIN,Urbaine,NOX as NO2,Trafic,Oui,mesures fixes,Moy. annuelle,90.0,89.72998397802672,µg-m3,100.0,100.0,100.0,R,1,48.90222,2.390833,Pantin,93055.0
2022/01/01 00:00:00,2022/12/31 23:59:59,AIRPARIF,FR11ZAG01,ZAG PARIS,FR04131,Boulevard Haussmann,Urbaine,NOX as NO2,Trafic,Oui,mesures fixes,Moy. annuelle,80.0,80.0013037511438,µg-m3,100.0,100.0,100.0,R,1,48.873333,2.330278,Paris,75109.0
2022/01/01 00:00:00,2022/12/31 23:59:59,AIRPARIF,FR11ZAG01,ZAG PARIS,FR04135,Boulevard Soult,Urbaine,NOX as NO2,Trafic,Oui,mesures fixes,Moy. annuelle,62.0,61.64858402351064,µg-m3,94.0,91.0,85.0,R,1,48.83796,2.408061,Paris,75112.0
2022/01/01 00:00:00,2022/12/31 23:59:59,AIRPARIF,FR11ZAG01,ZAG PARIS,FR04141,Quai des Celestins,Urbaine,NOX as NO2,Trafic,Oui,mesures fixes,Moy. annuelle,90.0,90.07343637670698,µg-m3,95.0,100.0,95.0,R,1,48.85278,2.360556,Paris,75104.0
2022/01/01 00:00:00,2022/12/31 23:59:59,AIRPARIF,FR11ZAG01,ZAG PARIS,FR04149,MONTGERON,Urbaine,NOX as NO2,Fond,Oui,mesures fixes,Moy. annuelle,25.0,24.906649118791364,µg-m3,100.0,100.0,100.0,R,1,48.7067,2.4572,Montgeron,91421.0
2022/01/01 00:00:00,2022/12/31 23:59:59,AIRPARIF,FR11ZAG01,ZAG PARIS,FR04150,LA DEFENSE,Urbaine,NOX as NO2,Fond,Oui,mesures fixes,Moy. annuelle,0.0,0.0,µg-m3,0.0,1.0,0.0,N,-1,48.891388,2.240556,Puteaux,92062.0
2022/01/01 00:00:00,2022/12/31 23:59:59,AIRPARIF,FR11ZAG01,ZAG PARIS,FR04156,BOBIGNY,Urbaine,NOX as NO2,Fond,Oui,mesures fixes,Moy. annuelle,35.0,34.89156035328748,µg-m3,93.0,100.0,93.0,R,1,48.902504,2.4525,Bobigny,93008.0
2022/01/01 00:00:00,2022/12/31 23:59:59,AIRPARIF,FR11ZAG01,ZAG PARIS,FR04179,PARIS Stade Lenglen,Urbaine,NOX as NO2,Fond,Oui,mesures fixes,Moy. annuelle,24.0,24.079531748847128,µg-m3,97.0,100.0,97.0,R,1,48.830387,2.269889,Paris,75115.0
2022/01/01 00:00:00,2022/12/31 23:59:59,AIRPARIF,FR11ZAG01,ZAG PARIS,FR04180,RN20 - MONTLHERY,Périurbaine,NOX as NO2,Trafic,Oui,mesures fixes,Moy. annuelle,177.0,177.21230363490344,µg-m3,100.0,100.0,100.0,R,1,48.64093,2.26872,Montlhéry,91425.0
2022/01/01 00:00:00,2022/12/31 23:59:59,AIRPARIF,FR11ZAG01,ZAG PARIS,FR04319,TREMBLAY-EN-FRANCE,Périurbaine,NOX as NO2,Fond,Oui,mesures fixes,Moy. annuelle,32.0,31.767502030397928,µg-m3,99.0,100.0,98.0,R,1,48.95555,2.575278,Tremblay-en-France,93073.0
2022/01/01 00:00:00,2022/12/31 23:59:59,AIRPARIF,FR11ZAG01,ZAG PARIS,FR04323,EVRY,Urbaine,NOX as NO2,Fond,Oui,mesures fixes,Moy. annuelle,25.0,25.133306065209712,µg-m3,98.0,99.0,98.0,R,1,48.62722,2.429167,Évry-Courcouronnes,91228.0
2022/01/01 00:00:00,2022/12/31 23:59:59,AIRPARIF,FR11ZRE01,ZR ILE-DE-FRANCE,FR04328,Zone Rurale SE,Rurale régionale,NOX as NO2,Fond,Oui,mesures fixes,Moy. annuelle,7.0,6.986866887248649,µg-m3,90.0,100.0,90.0,R,1,48.3547,2.6453,Recloses,77386.0
2022/01/01 00:00:00,2022/12/31 23:59:59,AIRPARIF,FR11ZAG01,ZAG PARIS,FR04329,Bld peripherique Est,Urbaine,NOX as NO2,Trafic,Oui,mesures fixes,Moy. annuelle,154.0,153.66718480138218,µg-m3,99.0,100.0,99.0,R,1,48.838615,2.412781,Paris,75112.0
2022/01/01 00:00:00,2022/12/31 23:59:59,ATMO NORMANDIE,FR28ZAR01,ZAR LE-HAVRE,FR05078,Le Havre Massillon,Urbaine,NOX as NO2,Fond,Oui,mesures fixes,Moy. annuelle,22.0,22.453369304556333,µg-m3,95.0,100.0,95.0,R,1,49.4983,0.142706,Le Havre,76351.0
2022/01/01 00:00:00,2022/12/31 23:59:59,ATMO NORMANDIE,FR28ZAR01,ZAR LE-HAVRE,FR05083,Gonfreville l Orcher,Urbaine,NOX as NO2,Industrielle,Oui,mesures fixes,Moy. annuelle,13.0,12.82754222681832,µg-m3,99.0,100.0,99.0,R,1,49.50273,0.232486,Gonfreville-l'Orcher,76305.0
2022/01/01 00:00:00,2022/12/31 23:59:59,ATMO NORMANDIE,FR28ZAR01,ZAR LE-HAVRE,FR05084,NDGravenchon Pasteur,Urbaine,NOX as NO2,Industrielle,Oui,mesures fixes,Moy. annuelle,11.0,10.758967017865338,µg-m3,100.0,100.0,100.0,R,1,49.493332,0.571853,Port-Jérôme-sur-Seine,76476.0
2022/01/01 00:00:00,2022/12/31 23:59:59,ATMO NORMANDIE,FR28ZRE02,ZR NORMANDIE,FR05087,Maison Parc Brotonne,Rurale régionale,NOX as NO2,Fond,Oui,mesures fixes,Moy. annuelle,10.0,10.474261656403105,µg-m3,91.0,100.0,91.0,R,1,49.498417,0.758697,Notre-Dame-de-Bliquetuit,76473.0
2022/01/01 00:00:00,2022/12/31 23:59:59,ATMO NORMANDIE,FR28ZAR01,ZAR LE-HAVRE,FR05089,Le Havre Lafaurie-montant,Urbaine,NOX as NO2,Trafic,Oui,mesures fixes,Moy. annuelle,51.0,51.32339921884269,µg-m3,96.0,100.0,96.0,R,1,49.500187,0.110903,Le Havre,76351.0
2022/01/01 00:00:00,2022/12/31 23:59:59,ATMO NORMANDIE,FR28ZAR01,ZAR LE-HAVRE,FR05090,Le Havre ville-haute,Urbaine,NOX as NO2,Fond,Oui,mesures fixes,Moy. annuelle,13.0,13.197809130534509,µg-m3,100.0,100.0,100.0,R,1,49.514686,0.100645,Le Havre,76351.0
2022/01/01 00:00:00,2022/12/31 23:59:59,ATMO HAUTS DE FRANCE,FR32ZAG01,ZAG BLDV,FR06001,Valenciennes Acacias,Urbaine,NOX as NO2,Fond,Oui,mesures fixes,Moy. annuelle,20.0,20.487398234147467,µg-m3,100.0,100.0,100.0,R,1,50.35853,3.50804,Valenciennes,59606.0
2022/01/01 00:00:00,2022/12/31 23:59:59,ATMO HAUTS DE FRANCE,FR32ZAG01,ZAG BLDV,FR06003,Douai Theuriet,Urbaine,NOX as NO2,Fond,Oui,mesures fixes,Moy. annuelle,20.0,19.72845625165202,µg-m3,88.0,99.0,86.0,R,1,50.37822,3.06586,Douai,59178.0
2022/01/01 00:00:00,2022/12/31 23:59:59,ATMO HAUTS DE FRANCE,FR32ZAG01,ZAG BLDV,FR06006,Valenciennes Wallon,Urbaine,NOX as NO2,Trafic,Oui,mesures fixes,Moy. annuelle,61.0,61.192908791069286,µg-m3,90.0,100.0,90.0,R,1,50.36425,3.52273,Valenciennes,59606.0
2022/01/01 00:00:00,2022/12/31 23:59:59,ATMO HAUTS DE FRANCE,FR32ZRE01,ZR HAUTS-DE-FRANCE,FR06007,Maubeuge Joyeuse,Urbaine,NOX as NO2,Fond,Oui,mesures fixes,Moy. annuelle,17.0,16.886376846694155,µg-m3,96.0,98.0,94.0,R,1,50.27936,3.97691,Maubeuge,59392.0
2022/01/01 00:00:00,2022/12/31 23:59:59,ATMO HAUTS DE FRANCE,FR32ZAG01,ZAG BLDV,FR06011,Denain Villars,Périurbaine,NOX as NO2,Fond,Oui,mesures fixes,Moy. annuelle,21.0,20.77153882132844,µg-m3,99.0,99.0,98.0,R,1,50.32276,3.39593,Denain,59172.0
2022/01/01 00:00:00,2022/12/31 23:59:59,ATMO HAUTS DE FRANCE,FR32ZRE01,ZR HAUTS-DE-FRANCE,FR06133,Cartignies,Rurale près des villes,NOX as NO2,Fond,Oui,mesures fixes,Moy. annuelle,8.0,7.6413489736070686,µg-m3,90.0,100.0,90.0,R,1,50.09225,3.85003,Cartignies,59134.0
2022/01/01 00:00:00,2022/12/31 23:59:59,ATMO HAUTS DE FRANCE,FR32ZAG01,ZAG BLDV,FR06134,Saint Amand,Périurbaine,NOX as NO2,Fond,Oui,mesures fixes,Moy. annuelle,16.0,15.845890968266922,µg-m3,98.0,100.0,98.0,R,1,50.45647,3.42794,Saint-Amand-les-Eaux,59526.0
2022/01/01 00:00:00,2022/12/31 23:59:59,ATMO AUVERGNE-RHÔNE-ALPES,FR84ZRE02,ZR AUVERGNE-RHONE-ALPES,FR07022,Paray le Fresil,Rurale régionale,NOX as NO2,Fond,Oui,estimation objective,Moy. annuelle,3.0,3.395319594830593,µg-m3,99.0,99.0,98.0,R,1,46.652668,3.600667,Paray-le-Frésil,3203.0
2022/01/01 00:00:00,2022/12/31 23:59:59,ATMO OCCITANIE,FR76ZAG02,ZAG MONTPELLIER,FR08003,Montpellier Chaptal,Urbaine,NOX as NO2,Fond,Oui,mesures indicatives,Moy. annuelle,28.0,28.050914351851844,µg-m3,,,,R,1,43.611302,3.86626,Montpellier,34172.0
2022/01/01 00:00:00,2022/12/31 23:59:59,ATMO OCCITANIE,FR76ZAG02,ZAG MONTPELLIER,FR08016,Montpellier Prés d'Arènes,Urbaine,NOX as NO2,Fond,Oui,mesures fixes,Moy. annuelle,23.0,22.977840309532112,µg-m3,98.0,99.0,97.0,R,1,43.5915,3.88681,Montpellier,34172.0
2022/01/01 00:00:00,2022/12/31 23:59:59,ATMO OCCITANIE,FR76ZRE01,ZR OCCITANIE,FR08020,Lunel Viel,Périurbaine,NOX as NO2,Industrielle,Oui,mesures indicatives,Moy. annuelle,13.0,13.461917366785592,µg-m3,,,,R,1,43.6758,4.08838,Lunel-Viel,34146.0
2022/01/01 00:00:00,2022/12/31 23:59:59,ATMO OCCITANIE,FR76ZRE01,ZR OCCITANIE,FR08022,Agathois-piscénois,Périurbaine,NOX as NO2,Fond,Oui,mesures fixes,Moy. annuelle,9.0,9.2323020511058,µg-m3,100.0,100.0,100.0,R,1,43.2875,3.50484,Agde,34003.0
2022/01/01 00:00:00,2022/12/31 23:59:59,ATMO OCCITANIE,FR76ZAG02,ZAG MONTPELLIER,FR08030,Pompignane,Urbaine,NOX as NO2,Trafic,Oui,mesures fixes,Moy. annuelle,39.0,39.43329050344595,µg-m3,98.0,100.0,98.0,R,1,43.6096,3.89878,Montpellier,34172.0
2022/01/01 00:00:00,2022/12/31 23:59:59,ATMO OCCITANIE,FR76ZAR02,ZAR NIMES,FR08614,Nimes Gauzy,Urbaine,NOX as NO2,Fond,Oui,mesures fixes,Moy. annuelle,19.0,18.62300915331808,µg-m3,100.0,100.0,100.0,R,1,43.8344,4.3744,Nîmes,30189.0
2022/01/01 00:00:00,2022/12/31 23:59:59,ATMO OCCITANIE,FR76ZAR01,ZAR PERPIGNAN,FR08713,Perpignan Rigaud,Urbaine,NOX as NO2,Fond,Oui,mesures fixes,Moy. annuelle,22.0,21.889423493714776,µg/m3,95.0,28.0,26.0,N,-1,42.6835,2.90351,Perpignan,66136.0
2022/01/01 00:00:00,2022/12/31 23:59:59,ATMO OCCITANIE,FR76ZAR01,ZAR PERPIGNAN,FR08714,Perpignan Les Carmes,Urbaine,NOX as NO2,Fond,Oui,mesures fixes,Moy. annuelle,22.0,22.299008224479945,µg-m3,95.0,100.0,94.0,R,1,42.6955,2.90053,Perpignan,66136.0
2022/01/01 00:00:00,2022/12/31 23:59:59,ATMO NOUVELLE-AQUITAINE,FR75ZRE02,ZR NOUVELLE-AQUITAINE,FR09003,place de VERDUN,Urbaine,NOX as NO2,Fond,Oui,mesures fixes,Moy. annuelle,27.0,26.50564535298321,µg-m3,96.0,100.0,96.0,R,1,46.162647,-1.153684,La Rochelle,17300.0
2022/01/01 00:00:00,2022/12/31 23:59:59,ATMO NOUVELLE-AQUITAINE,FR75ZRE02,ZR NOUVELLE-AQUITAINE,FR09008,Aytré,Périurbaine,NOX as NO2,Fond,Oui,mesures fixes,Moy. annuelle,10.0,9.61411791801012,µg-m3,99.0,100.0,99.0,R,1,46.135134,-1.117086,Aytré,17028.0
2022/01/01 00:00:00,2022/12/31 23:59:59,ATMO NOUVELLE-AQUITAINE,FR75ZRE02,ZR NOUVELLE-AQUITAINE,FR09015,Les Couronneries,Urbaine,NOX as NO2,Fond,Oui,mesures fixes,Moy. annuelle,11.0,11.257464754789698,µg-m3,95.0,100.0,95.0,R,1,46.586958,0.358458,Poitiers,86194.0
2022/01/01 00:00:00,2022/12/31 23:59:59,ATMO NOUVELLE-AQUITAINE,FR75ZRE02,ZR NOUVELLE-AQUITAINE,FR09103,Square Pablo Casals,Urbaine,NOX as NO2,Fond,Oui,mesures fixes,Moy. annuelle,20.0,19.91815363417157,µg-m3,99.0,100.0,99.0,R,1,45.647428,0.167162,Angoulême,16015.0
2022/01/01 00:00:00,2022/12/31 23:59:59,ATMO NOUVELLE-AQUITAINE,FR75ZRE02,ZR NOUVELLE-AQUITAINE,FR09106,ANGOULEME-GAMBETTA,Urbaine,NOX as NO2,Trafic,Oui,mesures fixes,Moy. annuelle,63.0,63.14583806997592,µg-m3,95.0,95.0,90.0,R,1,45.651464,0.162391,Angoulême,16015.0
2022/01/01 00:00:00,2022/12/31 23:59:59,ATMO NOUVELLE-AQUITAINE,FR75ZRE02,ZR NOUVELLE-AQUITAINE,FR09302,Zoodyssée Chizé,Rurale régionale,NOX as NO2,Fond,Oui,mesures fixes,Moy. annuelle,3.0,2.5876124810096983,µg-m3,98.0,99.0,98.0,R,1,46.143234,-0.395913,Villiers-en-Bois,79350.0
2022/01/01 00:00:00,2022/12/31 23:59:59,ATMO NOUVELLE-AQUITAINE,FR75ZRE02,ZR NOUVELLE-AQUITAINE,FR09303,Niort Venise,Urbaine,NOX as NO2,Fond,Oui,mesures fixes,Moy. annuelle,10.0,9.994328323156388,µg-m3,97.0,100.0,97.0,R,1,46.320028,-0.482861,Niort,79191.0
2022/01/01 00:00:00,2022/12/31 23:59:59,ATMO NOUVELLE-AQUITAINE,FR75ZRE02,ZR NOUVELLE-AQUITAINE,FR09304,AIRVAULT - Stade Laillé,Périurbaine,NOX as NO2,Fond,Oui,mesures fixes,Moy. annuelle,7.0,7.320025480657849,µg-m3,99.0,100.0,99.0,R,1,46.823796,-0.135634,Airvault,79005.0
2022/01/01 00:00:00,2022/12/31 23:59:59,ATMO NOUVELLE-AQUITAINE,FR75ZRE02,ZR NOUVELLE-AQUITAINE,FR09305,Niort - Tassigny,Urbaine,NOX as NO2,Trafic,Oui,mesures fixes,Moy. annuelle,54.0,54.390438053634135,µg-m3,96.0,98.0,94.0,R,1,46.333881,-0.471878,Niort,79191.0
2022/01/01 00:00:00,2022/12/31 23:59:59,ATMO NOUVELLE-AQUITAINE,FR75ZRE02,ZR NOUVELLE-AQUITAINE,FR09403,Poitiers-Le Nain,Urbaine,NOX as NO2,Trafic,Oui,mesures fixes,Moy. annuelle,78.0,77.95794413919405,µg-m3,100.0,100.0,100.0,R,1,46.591231,0.34039,Poitiers,86194.0
2022/01/01 00:00:00,2022/12/31 23:59:59,ATMO NOUVELLE-AQUITAINE,FR75ZRE02,ZR NOUVELLE-AQUITAINE,FR09404,Poitiers Centre  Augouard,Urbaine,NOX as NO2,Fond,Oui,mesures fixes,Moy. annuelle,26.0,25.753164556962,µg-m3,99.0,100.0,99.0,R,1,46.583998,0.345582,Poitiers,86194.0
2022/01/01 00:00:00,2022/12/31 23:59:59,ATMO HAUTS DE FRANCE,FR32ZAR01,ZAR COTE-D-OPALE,FR10012,Mardyck,Périurbaine,NOX as NO2,Industrielle,Oui,mesures fixes,Moy. annuelle,16.0,16.29418199302795,µg-m3,95.0,99.0,95.0,R,1,51.01943,2.25099,Dunkerque,59183.0
2022/01/01 00:00:00,2022/12/31 23:59:59,ATMO HAUTS DE FRANCE,FR32ZAR01,ZAR COTE-D-OPALE,FR10017,St Pol mer - cheminots,Urbaine,NOX as NO2,Fond,Oui,mesures fixes,Moy. annuelle,20.0,19.843517225325847,µg-m3,98.0,100.0,98.0,R,1,51.032761,2.332358,Dunkerque,59183.0
2022/01/01 00:00:00,2022/12/31 23:59:59,ATMO HAUTS DE FRANCE,FR32ZAR01,ZAR COTE-D-OPALE,FR10025,Sangatte,Périurbaine,NOX as NO2,Fond,Oui,mesures fixes,Moy. annuelle,14.0,14.18671466728601,µg-m3,98.0,100.0,98.0,R,1,50.94989,1.76917,Sangatte,62774.0
2022/01/01 00:00:00,2022/12/31 23:59:59,ATMO HAUTS DE FRANCE,FR32ZAR01,ZAR COTE-D-OPALE,FR10026,Calais Parmentier,Urbaine,NOX as NO2,Fond,Oui,mesures fixes,Moy. annuelle,19.0,18.99516737388027,µg-m3,98.0,99.0,97.0,R,1,50.9578,1.89008,Calais,62193.0
2022/01/01 00:00:00,2022/12/31 23:59:59,ATMO HAUTS DE FRANCE,FR32ZAR01,ZAR COTE-D-OPALE,FR10029,Cappelle la Grande,Périurbaine,NOX as NO2,Fond,Oui,mesures fixes,Moy. annuelle,17.0,17.22913169786963,µg-m3,81.0,88.0,71.0,N,-1,50.99594,2.36627,Cappelle-la-Grande,59131.0
2022/01/01 00:00:00,2022/12/31 23:59:59,ATMO HAUTS DE FRANCE,FR32ZAR01,ZAR COTE-D-OPALE,FR10032,Outreau,Périurbaine,NOX as NO2,Fond,Oui,mesures fixes,Moy. annuelle,11.0,10.710178117048333,µg-m3,79.0,96.0,76.0,N,-1,50.69435,1.57657,Outreau,62643.0
2022/01/01 00:00:00,2022/12/31 23:59:59,ATMO HAUTS DE FRANCE,FR32ZAR01,ZAR COTE-D-OPALE,FR10034,Grande-synthe,Urbaine,NOX as NO2,Industrielle,Oui,mesures fixes,Moy. annuelle,23.0,22.61936936936941,µg-m3,96.0,90.0,86.0,R,1,51.02446,2.30215,Grande-Synthe,59271.0
2022/01/01 00:00:00,2022/12/31 23:59:59,ATMO HAUTS DE FRANCE,FR32ZAR01,ZAR COTE-D-OPALE,FR10041,St Omer Ribot,Urbaine,NOX as NO2,Fond,Oui,mesures fixes,Moy. annuelle,16.0,15.665310544053924,µg-m3,98.0,96.0,95.0,R,1,50.74823,2.25978,Saint-Omer,62765.0
2022/01/01 00:00:00,2022/12/31 23:59:59,ATMO HAUTS DE FRANCE,FR32ZAG02,ZAG LILLE,FR11007,Lille Leeds,Urbaine,NOX as NO2,Trafic,Oui,mesures fixes,Moy. annuelle,37.0,36.71504841997964,µg-m3,92.0,98.0,90.0,R,1,50.6407944,3.074772,Lille,59350.0
2022/01/01 00:00:00,2022/12/31 23:59:59,ATMO HAUTS DE FRANCE,FR32ZAG02,ZAG LILLE,FR11025,Lille Fives,Urbaine,NOX as NO2,Fond,Oui,mesures fixes,Moy. annuelle,13.0,13.446249999999996,µg-m3,83.0,1.0,1.0,N,-1,50.62805,3.09031,Lille,59350.0
2022/01/01 00:00:00,2022/12/31 23:59:59,ATMO HAUTS DE FRANCE,FR32ZAG02,ZAG LILLE,FR11026,Halluin stade,Périurbaine,NOX as NO2,Fond,Oui,mesures fixes,Moy. annuelle,22.0,22.30736659650861,µg-m3,96.0,96.0,92.0,R,1,50.775482,3.12568,Halluin,59279.0
2022/01/01 00:00:00,2022/12/31 23:59:59,ATMO HAUTS DE FRANCE,FR32ZAG02,ZAG LILLE,FR11034,Roubaix Serres,Urbaine,NOX as NO2,Trafic,Oui,mesures fixes,Moy. annuelle,50.0,49.61711897261929,µg-m3,97.0,98.0,94.0,R,1,50.706535,3.18066,Roubaix,59512.0
2022/01/01 00:00:00,2022/12/31 23:59:59,ATMO OCCITANIE,FR76ZAG01,ZAG TOULOUSE,FR12004,ECOLE M.JACQUIER,Urbaine,NOX as NO2,Fond,Oui,mesures fixes,Moy. annuelle,22.0,22.41329724641101,µg-m3,97.0,100.0,97.0,R,1,43.575694,1.418064,Toulouse,31555.0
2022/01/01 00:00:00,2022/12/31 23:59:59,ATMO OCCITANIE,FR76ZRE01,ZR OCCITANIE,FR12020,PEYRUSSE,Rurale nationale,NOX as NO2,Fond,Oui,mesures fixes,Moy. annuelle,1.0,0.8285251590514746,µg-m3,99.0,100.0,99.0,R,1,43.6287,0.179069,Peyrusse-Vieille,32317.0
2022/01/01 00:00:00,2022/12/31 23:59:59,ATMO OCCITANIE,FR76ZRE01,ZR OCCITANIE,FR12026,ALBI DELMAS,Urbaine,NOX as NO2,Fond,Oui,mesures fixes,Moy. annuelle,16.0,16.240347666971648,µg-m3,100.0,100.0,100.0,R,1,43.927769,2.145897,Albi,81004.0
2022/01/01 00:00:00,2022/12/31 23:59:59,ATMO OCCITANIE,FR76ZAG01,ZAG TOULOUSE,FR12030,Toulouse Berthelot,Urbaine,NOX as NO2,Fond,Oui,mesures fixes,Moy. annuelle,18.0,18.27885543553198,µg-m3,99.0,100.0,99.0,R,1,43.587344,1.444003,Toulouse,31555.0
2022/01/01 00:00:00,2022/12/31 23:59:59,ATMO OCCITANIE,FR76ZRE01,ZR OCCITANIE,FR12042,LOURDES LAPACCA,Urbaine,NOX as NO2,Fond,Oui,mesures fixes,Moy. annuelle,17.0,16.96746323529419,µg-m3,99.0,100.0,99.0,R,1,43.096247,-0.040497,Lourdes,65286.0
2022/01/01 00:00:00,2022/12/31 23:59:59,ATMO OCCITANIE,FR76ZAG01,ZAG TOULOUSE,FR12044,Toulouse aéroport côté trafic,Urbaine,NOX as NO2,Industrielle,Oui,mesures indicatives,Moy. annuelle,28.0,28.16747800251399,µg-m3,,,,R,1,43.633478,1.375717,Blagnac,31069.0
2022/01/01 00:00:00,2022/12/31 23:59:59,ATMO OCCITANIE,FR76ZRE01,ZR OCCITANIE,FR12052,Tarbes lycée Dupuy,Urbaine,NOX as NO2,Fond,Oui,mesures fixes,Moy. annuelle,20.0,19.983999084353936,µg-m3,100.0,100.0,100.0,R,1,43.230297,0.062339,Tarbes,65440.0
2022/01/01 00:00:00,2022/12/31 23:59:59,ATMO OCCITANIE,FR76ZRE01,ZR OCCITANIE,FR12053,Stade Travet CASTRES,Urbaine,NOX as NO2,Fond,Oui,mesures fixes,Moy. annuelle,9.0,8.790318380873495,µg-m3,97.0,99.0,96.0,R,1,43.610497,2.23015,Castres,81065.0
2022/01/01 00:00:00,2022/12/31 23:59:59,ATMO OCCITANIE,FR76ZAG01,ZAG TOULOUSE,FR12054,TRAFIC_TOULOUSE,Urbaine,NOX as NO2,Trafic,Oui,mesures fixes,Moy. annuelle,80.0,80.27014630747799,µg-m3,98.0,100.0,98.0,R,1,43.643944,1.468244,Toulouse,31555.0
2022/01/01 00:00:00,2022/12/31 23:59:59,ATMO OCCITANIE,FR76ZAG01,ZAG TOULOUSE,FR12085,Toulouse Port de l'Embouchure,Urbaine,NOX as NO2,Trafic,Oui,mesures fixes,Moy. annuelle,80.0,79.90195189961665,µg-m3,98.0,100.0,98.0,R,1,43.610386,1.4152,Toulouse,31555.0
2022/01/01 00:00:00,2022/12/31 23:59:59,ATMO OCCITANIE,FR76ZRE01,ZR OCCITANIE,FR12095,Rodez,Urbaine,NOX as NO2,Fond,Oui,mesures fixes,Moy. annuelle,21.0,20.842549070247944,µg-m3,88.0,100.0,88.0,R,1,44.35699225,2.57070422,Rodez,12202.0
2022/01/01 00:00:00,2022/12/31 23:59:59,ATMO GRAND EST,FR44ZRE01,ZR GRAND-EST,FR14008,REVIN,Rurale nationale,NOX as NO2,Fond,Oui,mesures fixes,Moy. annuelle,4.0,4.1597646773410935,µg-m3,94.0,100.0,94.0,R,1,49.90778,4.63,,
2022/01/01 00:00:00,2022/12/31 23:59:59,ATMO GRAND EST,FR44ZAR01,ZAR REIMS,FR14010,BETHENY,Périurbaine,NOX as NO2,Fond,Oui,mesures fixes,Moy. annuelle,20.0,20.039566952945417,µg-m3,94.0,100.0,94.0,R,1,49.28222,4.051111,Bétheny,51055.0
2022/01/01 00:00:00,2022/12/31 23:59:59,ATMO GRAND EST,FR44ZAR01,ZAR REIMS,FR14011,DOUMER,Urbaine,NOX as NO2,Trafic,Oui,mesures fixes,Moy. annuelle,69.0,68.9512517713747,µg-m3,97.0,100.0,97.0,R,1,49.250732,4.023064,Reims,51454.0
2022/01/01 00:00:00,2022/12/31 23:59:59,ATMO GRAND EST,FR44ZAR01,ZAR REIMS,FR14012,Jean d Aulan,Urbaine,NOX as NO2,Fond,Oui,mesures fixes,Moy. annuelle,18.0,17.939997684649217,µg-m3,99.0,100.0,99.0,R,1,49.224167,4.020556,Reims,51454.0
2022/01/01 00:00:00,2022/12/31 23:59:59,ATMO GRAND EST,FR44ZRE01,ZR GRAND-EST,FR14022,CHALONS,Urbaine,NOX as NO2,Fond,Oui,mesures fixes,Moy. annuelle,15.0,14.599976891969972,µg-m3,99.0,100.0,99.0,R,1,48.962223,4.36,Châlons-en-Champagne,51108.0
2022/01/01 00:00:00,2022/12/31 23:59:59,ATMO GRAND EST,FR44ZRE01,ZR GRAND-EST,FR14028,Rempart Perrier,Urbaine,NOX as NO2,Trafic,Oui,mesures fixes,Moy. annuelle,47.0,46.85499213360756,µg-m3,94.0,100.0,94.0,R,1,49.0461,3.955911,Épernay,51230.0
2022/01/01 00:00:00,2022/12/31 23:59:59,ATMO GRAND EST,FR44ZRE01,ZR GRAND-EST,FR14029,Capitainerie,Périurbaine,NOX as NO2,Fond,Oui,mesures fixes,Moy. annuelle,11.0,10.69842014882654,µg-m3,100.0,100.0,100.0,R,1,48.7266,4.594781,Vitry-le-François,51649.0
2022/01/01 00:00:00,2022/12/31 23:59:59,ATMO GRAND EST,FR44ZRE01,ZR GRAND-EST,FR14031,Troyes La Tour ,Urbaine,NOX as NO2,Fond,Oui,mesures fixes,Moy. annuelle,18.0,18.364003275620043,µg-m3,98.0,99.0,98.0,R,1,48.301666,4.076944,Troyes,10387.0
2022/01/01 00:00:00,2022/12/31 23:59:59,ATMO GRAND EST,FR44ZRE01,ZR GRAND-EST,FR14033,STE SAVINE,Urbaine,NOX as NO2,Fond,Oui,mesures fixes,Moy. annuelle,15.0,15.42890777535316,µg-m3,99.0,100.0,99.0,R,1,48.295002,4.050278,Sainte-Savine,10362.0
2022/01/01 00:00:00,2022/12/31 23:59:59,ATMO GRAND EST,FR44ZRE01,ZR GRAND-EST,FR14042,St DIZIER L. Michel,Urbaine,NOX as NO2,Fond,Oui,mesures fixes,Moy. annuelle,14.0,13.532971600092353,µg-m3,99.0,100.0,99.0,R,1,48.645836,4.966111,Saint-Dizier,52448.0
2022/01/01 00:00:00,2022/12/31 23:59:59,ATMO GRAND EST,FR44ZRE01,ZR GRAND-EST,FR14051,CHARLEVILLE,Urbaine,NOX as NO2,Fond,Oui,mesures fixes,Moy. annuelle,19.0,19.043201754385937,µg-m3,99.0,100.0,99.0,R,1,49.745277,4.719167,Charleville-Mézières,8105.0
2022/01/01 00:00:00,2022/12/31 23:59:59,ATMO GRAND EST,FR44ZRE01,ZR GRAND-EST,FR16017,Nord-Est Alsace,Rurale régionale,NOX as NO2,Fond,Oui,mesures fixes,Moy. annuelle,14.0,14.4102691463556,µg-m3,99.0,100.0,99.0,R,1,48.919357,8.158458,Munchhausen,67308.0
2022/01/01 00:00:00,2022/12/31 23:59:59,ATMO GRAND EST,FR44ZAG01,ZAG STRASBOURG,FR16029,Strasbourg Nord,Urbaine,NOX as NO2,Fond,Oui,mesures fixes,Moy. annuelle,22.0,22.279837587006902,µg-m3,98.0,100.0,98.0,R,1,48.610363,7.781631,Strasbourg,67482.0
2022/01/01 00:00:00,2022/12/31 23:59:59,ATMO GRAND EST,FR44ZAG01,ZAG STRASBOURG,FR16034,Strasbourg Clemenceau,Urbaine,NOX as NO2,Trafic,Oui,mesures fixes,Moy. annuelle,62.0,61.83808035197399,µg-m3,99.0,100.0,99.0,R,1,48.59043,7.744983,Strasbourg,67482.0
2022/01/01 00:00:00,2022/12/31 23:59:59,ATMO GRAND EST,FR44ZAG01,ZAG STRASBOURG,FR16040,Strasbourg A35,Urbaine,NOX as NO2,Trafic,Oui,mesures fixes,Moy. annuelle,71.0,70.7369874184531,µg-m3,99.0,99.0,98.0,R,1,48.575985,7.727478,Strasbourg,67482.0
2022/01/01 00:00:00,2022/12/31 23:59:59,ATMO GRAND EST,FR44ZRE01,ZR GRAND-EST,FR16054,Colmar Centre,Urbaine,NOX as NO2,Fond,Oui,mesures fixes,Moy. annuelle,33.0,33.37009269988409,µg-m3,99.0,100.0,99.0,R,1,48.0744444,7.3505555,Colmar,68066.0
2022/01/01 00:00:00,2022/12/31 23:59:59,ATMO GRAND EST,FR44ZRE01,ZR GRAND-EST,FR16057,Mulhouse Nord,Urbaine,NOX as NO2,Fond,Oui,mesures fixes,Moy. annuelle,37.0,36.69652314068605,µg-m3,99.0,100.0,99.0,R,1,47.757435,7.347294,Mulhouse,68224.0
2022/01/01 00:00:00,2022/12/31 23:59:59,ATMO GRAND EST,FR44ZRE01,ZR GRAND-EST,FR16059,Chalampé,Rurale près des villes,NOX as NO2,Industrielle,Oui,mesures fixes,Moy. annuelle,23.0,23.21280292638309,µg-m3,100.0,100.0,100.0,R,1,47.820248,7.538683,Chalampé,68064.0
2022/01/01 00:00:00,2022/12/31 23:59:59,ATMO GRAND EST,FR44ZRE01,ZR GRAND-EST,FR16060,C.C.3 Frontières,Périurbaine,NOX as NO2,Fond,Oui,mesures fixes,Moy. annuelle,26.0,26.49043957305186,µg-m3,99.0,100.0,99.0,R,1,47.594913,7.568175,Village-Neuf,68349.0
2022/01/01 00:00:00,2022/12/31 23:59:59,ATMO GRAND EST,FR44ZRE01,ZR GRAND-EST,FR16066,Mulhouse Sud 2,Urbaine,NOX as NO2,Fond,Oui,mesures fixes,Moy. annuelle,20.0,20.12923396400552,µg-m3,99.0,100.0,99.0,R,1,47.737415,7.309075,Mulhouse,68224.0
2022/01/01 00:00:00,2022/12/31 23:59:59,ATMO GRAND EST,FR44ZRE01,ZR GRAND-EST,FR16069,Mulhouse-Briand,Urbaine,NOX as NO2,Trafic,Oui,mesures fixes,Moy. annuelle,61.0,61.19524956970746,µg-m3,99.0,100.0,99.0,R,1,47.747684,7.321364,Mulhouse,68224.0
2022/01/01 00:00:00,2022/12/31 23:59:59,ATMO GRAND EST,FR44ZAG01,ZAG STRASBOURG,FR16215,Strasbourg A35 Remparts,Urbaine,NOX as NO2,Trafic,Oui,mesures fixes,Moy. annuelle,95.0,95.35667208168944,µg-m3,98.0,100.0,98.0,R,1,48.588056,7.729722,Strasbourg,67482.0
2022/01/01 00:00:00,2022/12/31 23:59:59,ATMO GRAND EST,FR44ZRE01,ZR GRAND-EST,FR16302,Donon Vosges Moyennes 2,Rurale nationale,NOX as NO2,Fond,Oui,mesures fixes,Moy. annuelle,3.0,3.0398574433278864,µg-m3,98.0,100.0,98.0,R,1,48.492992,7.1298,,
2022/01/01 00:00:00,2022/12/31 23:59:59,ATMO HAUTS DE FRANCE,FR32ZAR03,ZAR CREIL,FR18019,Nogent sur Oise,Périurbaine,NOX as NO2,Fond,Oui,mesures fixes,Moy. annuelle,50.0,50.40063025210079,µg-m3,99.0,5.0,5.0,N,-1,49.276386,2.482167,Nogent-sur-Oise,60463.0
2022/01/01 00:00:00,2022/12/31 23:59:59,ATMO HAUTS DE FRANCE,FR32ZAR02,ZAR AMIENS,FR18035,Salouel,Périurbaine,NOX as NO2,Fond,Oui,mesures fixes,Moy. annuelle,15.0,15.032641291810846,µg-m3,89.0,100.0,89.0,R,1,49.86889,2.239806,Salouël,80725.0
2022/01/01 00:00:00,2022/12/31 23:59:59,ATMO HAUTS DE FRANCE,FR32ZRE01,ZR HAUTS-DE-FRANCE,FR18042,P. Roth St Quentin,Urbaine,NOX as NO2,Fond,Oui,mesures fixes,Moy. annuelle,24.0,24.261964419944903,µg-m3,91.0,100.0,91.0,R,1,49.851334,3.284,Saint-Quentin,2691.0
2022/01/01 00:00:00,2022/12/31 23:59:59,ATMO HAUTS DE FRANCE,FR32ZAR03,ZAR CREIL,FR18043,Faiencerie Creil,Urbaine,NOX as NO2,Fond,Oui,mesures fixes,Moy. annuelle,28.0,27.557811704834563,µg-m3,93.0,97.0,90.0,R,1,49.259552,2.474397,Creil,60175.0
2022/01/01 00:00:00,2022/12/31 23:59:59,ATMO HAUTS DE FRANCE,FR32ZAR02,ZAR AMIENS,FR18053,St Pierre Amiens,Urbaine,NOX as NO2,Fond,Oui,mesures fixes,Moy. annuelle,22.0,21.58271662763469,µg-m3,99.0,99.0,97.0,R,1,49.901667,2.304597,Amiens,80021.0
2022/01/01 00:00:00,2022/12/31 23:59:59,ATMO HAUTS DE FRANCE,FR32ZRE01,ZR HAUTS-DE-FRANCE,FR18057,Neuilly-Saint-Front,Rurale régionale,NOX as NO2,Fond,Oui,mesures fixes,Moy. annuelle,6.0,5.593858267716547,µg-m3,94.0,100.0,94.0,R,1,49.174931,3.260819,Neuilly-Saint-Front,2543.0
2022/01/01 00:00:00,2022/12/31 23:59:59,ATMO HAUTS DE FRANCE,FR32ZRE01,ZR HAUTS-DE-FRANCE,FR18089,Trafic Beauvais 1,Urbaine,NOX as NO2,Trafic,Oui,mesures fixes,Moy. annuelle,51.0,51.297525388117336,µg-m3,99.0,99.0,98.0,R,1,49.435932,2.084292,Beauvais,60057.0
2022/01/01 00:00:00,2022/12/31 23:59:59,AIR BREIZH,FR53ZAG01,ZAG RENNES,FR19002,Rennes Laennec,Urbaine,NOX as NO2,Trafic,Oui,mesures fixes,Moy. annuelle,37.0,36.80426011629293,µg-m3,96.0,100.0,96.0,R,1,48.10861,-1.66586,Rennes,35238.0
2022/01/01 00:00:00,2022/12/31 23:59:59,AIR BREIZH,FR53ZAG01,ZAG RENNES,FR19007,Rennes Les Halles,Urbaine,NOX as NO2,Trafic,Oui,mesures fixes,Moy. annuelle,39.0,39.04577042894803,µg-m3,95.0,100.0,95.0,R,1,48.10751,-1.67984,Rennes,35238.0
2022/01/01 00:00:00,2022/12/31 23:59:59,AIR BREIZH,FR53ZAG01,ZAG RENNES,FR19010,Rennes St-Yves,Urbaine,NOX as NO2,Fond,Oui,mesures fixes,Moy. annuelle,17.0,16.557161357161334,µg-m3,96.0,92.0,88.0,R,1,48.11078,-1.68293,Rennes,35238.0
2022/01/01 00:00:00,2022/12/31 23:59:59,AIR BREIZH,FR53ZAR01,ZAR BREST,FR19012,Brest Mace,Urbaine,NOX as NO2,Fond,Oui,mesures fixes,Moy. annuelle,14.0,13.927600849256828,µg-m3,97.0,100.0,97.0,R,1,48.38618,-4.4866,Brest,29019.0
2022/01/01 00:00:00,2022/12/31 23:59:59,AIR BREIZH,FR53ZAR01,ZAR BREST,FR19014,Brest Desmoulins,Urbaine,NOX as NO2,Trafic,Oui,mesures fixes,Moy. annuelle,46.0,45.51564720960026,µg-m3,99.0,99.0,98.0,R,1,48.39746,-4.48871,Brest,29019.0
2022/01/01 00:00:00,2022/12/31 23:59:59,AIR BREIZH,FR53ZRE01,ZR BRETAGNE,FR19020,Kergoff,Rurale nationale,NOX as NO2,Fond,Oui,mesures fixes,Moy. annuelle,5.0,4.764305112764194,µg-m3,97.0,99.0,97.0,R,1,48.261963,-2.943631,,
2022/01/01 00:00:00,2022/12/31 23:59:59,AIR BREIZH,FR53ZRE01,ZR BRETAGNE,FR19032,Lorient B. Bissonnet,Urbaine,NOX as NO2,Fond,Oui,mesures fixes,Moy. annuelle,12.0,11.941345355320856,µg-m3,97.0,99.0,96.0,R,1,47.7425,-3.39501,Lorient,56121.0
2022/01/01 00:00:00,2022/12/31 23:59:59,AIR BREIZH,FR53ZRE01,ZR BRETAGNE,FR19033,Vannes UTA,Urbaine,NOX as NO2,Fond,Oui,mesures fixes,Moy. annuelle,11.0,11.128443670150991,µg-m3,98.0,100.0,98.0,R,1,47.64892,-2.76399,Vannes,56260.0
2022/01/01 00:00:00,2022/12/31 23:59:59,AIR BREIZH,FR53ZRE01,ZR BRETAGNE,FR19037,Lorient Normandie,Urbaine,NOX as NO2,Trafic,Oui,mesures fixes,Moy. annuelle,23.0,22.89290684898045,µg-m3,94.0,100.0,94.0,R,1,47.758947,-3.36938,Lorient,56121.0
2022/01/01 00:00:00,2022/12/31 23:59:59,AIR BREIZH,FR53ZAG01,ZAG RENNES,FR19039,Rennes Thabor,Urbaine,NOX as NO2,Fond,Oui,mesures fixes,Moy. annuelle,14.0,14.171273712737142,µg-m3,64.0,7.0,4.0,N,-1,48.11521,-1.673088,Rennes,35238.0
2022/01/01 00:00:00,2022/12/31 23:59:59,AIR BREIZH,FR53ZRE01,ZR BRETAGNE,FR19053,Quimper Zola,Urbaine,NOX as NO2,Fond,Oui,mesures fixes,Moy. annuelle,9.0,8.785831190086533,µg-m3,98.0,100.0,98.0,R,1,47.986606,-4.097658,Quimper,29232.0
2022/01/01 00:00:00,2022/12/31 23:59:59,AIR BREIZH,FR53ZRE01,ZR BRETAGNE,FR19061,Saint Brieuc Balzac,Urbaine,NOX as NO2,Fond,Oui,mesures fixes,Moy. annuelle,12.0,11.73011574074092,µg-m3,99.0,100.0,99.0,R,1,48.51351,-2.74953,Saint-Brieuc,22278.0
2022/01/01 00:00:00,2022/12/31 23:59:59,AIR BREIZH,FR53ZRE01,ZR BRETAGNE,FR19082,StMalo Rocabey,Périurbaine,NOX as NO2,Fond,Oui,mesures fixes,Moy. annuelle,12.0,11.711878102274026,µg-m3,99.0,100.0,99.0,R,1,48.65306,-2.00268,Saint-Malo,35288.0
2022/01/01 00:00:00,2022/12/31 23:59:59,ATMO NORMANDIE,FR28ZAR02,ZAR CAEN,FR21001,Caen Chemin-Vert,Urbaine,NOX as NO2,Fond,Oui,mesures fixes,Moy. annuelle,16.0,16.28721183621971,µg-m3,100.0,100.0,100.0,R,1,49.19222,-0.391111,Caen,14118.0
2022/01/01 00:00:00,2022/12/31 23:59:59,ATMO NORMANDIE,FR28ZAR02,ZAR CAEN,FR21019,IFS Caen sud,Urbaine,NOX as NO2,Fond,Oui,mesures fixes,Moy. annuelle,17.0,16.64019270474881,µg-m3,100.0,100.0,100.0,R,1,49.15167,-0.352778,Ifs,14341.0
2022/01/01 00:00:00,2022/12/31 23:59:59,ATMO NORMANDIE,FR28ZRE02,ZR NORMANDIE,FR21021,Lisieux,Urbaine,NOX as NO2,Fond,Oui,mesures fixes,Moy. annuelle,15.0,14.793859344224328,µg-m3,99.0,100.0,99.0,R,1,49.147224,0.227222,Lisieux,14366.0
2022/01/01 00:00:00,2022/12/31 23:59:59,ATMO NORMANDIE,FR28ZRE02,ZR NORMANDIE,FR21031,Alençon Météo-France,Périurbaine,NOX as NO2,Fond,Oui,mesures fixes,Moy. annuelle,12.0,12.189900509023616,µg-m3,99.0,100.0,99.0,R,1,48.445553,0.110833,Cerisé,61077.0
2022/01/01 00:00:00,2022/12/31 23:59:59,ATMO NORMANDIE,FR28ZRE02,ZR NORMANDIE,FR21038,Cherbourg Hotel de Ville,Urbaine,NOX as NO2,Fond,Oui,mesures fixes,Moy. annuelle,16.0,16.047862954050643,µg-m3,100.0,100.0,100.0,R,1,49.64225,-1.624361,Cherbourg-en-Cotentin,50129.0
2022/01/01 00:00:00,2022/12/31 23:59:59,ATMO NORMANDIE,FR28ZRE02,ZR NORMANDIE,FR21040,Saint-Lô Eglise,Urbaine,NOX as NO2,Fond,Oui,mesures fixes,Moy. annuelle,13.0,12.819579696830472,µg-m3,99.0,100.0,99.0,R,1,49.11639,-1.084722,Saint-Lô,50502.0
2022/01/01 00:00:00,2022/12/31 23:59:59,ATMO GRAND EST,FR44ZRE01,ZR GRAND-EST,FR22009,Ecole de Carling(9),Périurbaine,NOX as NO2,Industrielle,Oui,mesures indicatives,Moy. annuelle,26.0,26.10178506375229,µg-m3,,,,R,1,49.165726,6.716886,Carling,57123.0
2022/01/01 00:00:00,2022/12/31 23:59:59,ATMO GRAND EST,FR44ZRE01,ZR GRAND-EST,FR22014,Spicheren(14),Périurbaine,NOX as NO2,Fond,Oui,mesures indicatives,Moy. annuelle,10.0,9.9459985835694,µg-m3,,,,R,1,49.19539,6.957444,Spicheren,57659.0
2022/01/01 00:00:00,2022/12/31 23:59:59,ATMO GRAND EST,FR44ZRE01,ZR GRAND-EST,FR22054,Station de FORBACH,Urbaine,NOX as NO2,Fond,Oui,mesures fixes,Moy. annuelle,22.0,22.396056270289726,µg-m3,95.0,100.0,95.0,R,1,49.18742,6.910867,Forbach,57227.0
2022/01/01 00:00:00,2022/12/31 23:59:59,AIR PAYS DE LA LOIRE,FR52ZAG01,ZAG NANTES-SAINT-NAZAIRE,FR23003,LA MEGRETAIS,Périurbaine,NOX as NO2,Industrielle,Oui,mesures fixes,Moy. annuelle,9.0,8.515446966188064,µg-m3,99.0,99.0,99.0,R,1,47.322706,-2.039244,Donges,44052.0
2022/01/01 00:00:00,2022/12/31 23:59:59,AIR PAYS DE LA LOIRE,FR52ZRE01,ZR PAYS-DE-LA-LOIRE,FR23068,FROSSAY,Rurale près des villes,NOX as NO2,Industrielle,Oui,mesures fixes,Moy. annuelle,5.0,5.184362469927844,µg-m3,100.0,100.0,100.0,R,1,47.24747,-1.936619,Frossay,44061.0
2022/01/01 00:00:00,2022/12/31 23:59:59,AIR PAYS DE LA LOIRE,FR52ZAG01,ZAG NANTES-SAINT-NAZAIRE,FR23070,S ETIENNE DE MONTLUC,Périurbaine,NOX as NO2,Industrielle,Oui,mesures fixes,Moy. annuelle,5.0,4.95021859180856,µg-m3,99.0,100.0,99.0,R,1,47.28318,-1.783164,Saint-Étienne-de-Montluc,44158.0
2022/01/01 00:00:00,2022/12/31 23:59:59,AIR PAYS DE LA LOIRE,FR52ZAG01,ZAG NANTES-SAINT-NAZAIRE,FR23075,JULES VERNE,Périurbaine,NOX as NO2,Industrielle,Oui,mesures fixes,Moy. annuelle,13.0,13.34507736389682,µg-m3,100.0,100.0,100.0,R,1,47.315727,-2.190764,Trignac,44210.0
2022/01/01 00:00:00,2022/12/31 23:59:59,AIR PAYS DE LA LOIRE,FR52ZRE01,ZR PAYS-DE-LA-LOIRE,FR23078,SAINT EXUPERY,Urbaine,NOX as NO2,Fond,Oui,mesures fixes,Moy. annuelle,12.0,11.712584372497371,µg-m3,100.0,100.0,100.0,R,1,47.054443,-0.886111,Cholet,49099.0
2022/01/01 00:00:00,2022/12/31 23:59:59,AIR PAYS DE LA LOIRE,FR52ZAG01,ZAG NANTES-SAINT-NAZAIRE,FR23107,LA CHAUVINIERE,Urbaine,NOX as NO2,Fond,Oui,mesures fixes,Moy. annuelle,14.0,13.815114275870014,µg-m3,99.0,100.0,99.0,R,1,47.252777,-1.573333,Nantes,44109.0
2022/01/01 00:00:00,2022/12/31 23:59:59,AIR PAYS DE LA LOIRE,FR52ZAG01,ZAG NANTES-SAINT-NAZAIRE,FR23110,LEON BLUM,Urbaine,NOX as NO2,Fond,Oui,mesures fixes,Moy. annuelle,10.0,10.258944584962103,µg-m3,99.0,100.0,99.0,R,1,47.26412,-2.249858,Saint-Nazaire,44184.0
2022/01/01 00:00:00,2022/12/31 23:59:59,AIR PAYS DE LA LOIRE,FR52ZAR01,ZAR ANGERS-LOIRE,FR23120,BEAUX ARTS,Urbaine,NOX as NO2,Fond,Oui,mesures fixes,Moy. annuelle,15.0,14.60892142285252,µg-m3,100.0,100.0,100.0,R,1,47.468513,-0.556053,Angers,49007.0
2022/01/01 00:00:00,2022/12/31 23:59:59,AIR PAYS DE LA LOIRE,FR52ZAR03,ZAR LAVAL,FR23123,MAZAGRAN,Urbaine,NOX as NO2,Fond,Oui,mesures fixes,Moy. annuelle,14.0,13.645499256548062,µg-m3,100.0,100.0,100.0,R,1,48.06943,-0.767692,Laval,53130.0
2022/01/01 00:00:00,2022/12/31 23:59:59,AIR PAYS DE LA LOIRE,FR52ZRE01,ZR PAYS-DE-LA-LOIRE,FR23124,LA TARDIERE,Rurale nationale,NOX as NO2,Fond,Oui,mesures fixes,Moy. annuelle,5.0,5.092100081084221,µg-m3,99.0,100.0,99.0,R,1,46.656685,-0.743681,Terval,85289.0
2022/01/01 00:00:00,2022/12/31 23:59:59,AIR PAYS DE LA LOIRE,FR52ZAR01,ZAR ANGERS-LOIRE,FR23150,APPENTIS,Urbaine,NOX as NO2,Fond,Oui,mesures fixes,Moy. annuelle,11.0,10.837428506062698,µg-m3,100.0,100.0,100.0,R,1,47.44739,-0.550067,Angers,49007.0
2022/01/01 00:00:00,2022/12/31 23:59:59,AIR PAYS DE LA LOIRE,FR52ZRE01,ZR PAYS-DE-LA-LOIRE,FR23152,DELACROIX,Urbaine,NOX as NO2,Fond,Oui,mesures fixes,Moy. annuelle,11.0,10.898703831153922,µg-m3,100.0,100.0,100.0,R,1,46.6607,-1.436831,La Roche-sur-Yon,85191.0
2022/01/01 00:00:00,2022/12/31 23:59:59,AIR PAYS DE LA LOIRE,FR52ZAR02,ZAR LE-MANS,FR23174,GUEDOU,Urbaine,NOX as NO2,Fond,Oui,mesures fixes,Moy. annuelle,14.0,14.061962488563552,µg-m3,100.0,100.0,100.0,R,1,47.98892,0.195983,Le Mans,72181.0
2022/01/01 00:00:00,2022/12/31 23:59:59,AIR PAYS DE LA LOIRE,FR52ZRE01,ZR PAYS-DE-LA-LOIRE,FR23177,SAINT-DENIS D'ANJOU,Rurale régionale,NOX as NO2,Fond,Oui,mesures fixes,Moy. annuelle,6.0,6.152421685354274,µg-m3,99.0,100.0,99.0,R,1,47.78773,-0.444044,Saint-Denis-d'Anjou,53210.0
2022/01/01 00:00:00,2022/12/31 23:59:59,AIR PAYS DE LA LOIRE,FR52ZAG01,ZAG NANTES-SAINT-NAZAIRE,FR23178,PARSCAU DU PLESSIS,Périurbaine,NOX as NO2,Industrielle,Oui,mesures fixes,Moy. annuelle,9.0,8.872979161896065,µg-m3,100.0,100.0,100.0,R,1,47.319157,-2.066953,Donges,44052.0
2022/01/01 00:00:00,2022/12/31 23:59:59,AIR PAYS DE LA LOIRE,FR52ZAG01,ZAG NANTES-SAINT-NAZAIRE,FR23181,PARC PAYSAGER,Urbaine,NOX as NO2,Fond,Oui,mesures fixes,Moy. annuelle,11.0,10.825921672217744,µg-m3,99.0,100.0,99.0,R,1,47.273056,-2.223056,Saint-Nazaire,44184.0
2022/01/01 00:00:00,2022/12/31 23:59:59,AIR PAYS DE LA LOIRE,FR52ZAR02,ZAR LE-MANS,FR23182,SOURCES,Urbaine,NOX as NO2,Fond,Oui,mesures fixes,Moy. annuelle,11.0,11.428403111416136,µg-m3,100.0,100.0,100.0,R,1,47.971066,0.221422,Le Mans,72181.0
2022/01/01 00:00:00,2022/12/31 23:59:59,AIR PAYS DE LA LOIRE,FR52ZAG01,ZAG NANTES-SAINT-NAZAIRE,FR23188,CIM BOUTEILLERIE,Urbaine,NOX as NO2,Fond,Oui,mesures fixes,Moy. annuelle,13.0,13.41266926784488,µg-m3,99.0,100.0,99.0,R,1,47.2225,-1.5375,Nantes,44109.0
2022/01/01 00:00:00,2022/12/31 23:59:59,AIR PAYS DE LA LOIRE,FR52ZAG01,ZAG NANTES-SAINT-NAZAIRE,FR23238,LEVOYER,Urbaine,NOX as NO2,Industrielle,Oui,mesures fixes,Moy. annuelle,21.0,20.93365870463939,µg-m3,99.0,100.0,99.0,R,1,47.1941472,-1.581677778,Rezé,44143.0
2022/01/01 00:00:00,2022/12/31 23:59:59,AIR PAYS DE LA LOIRE,FR52ZAG01,ZAG NANTES-SAINT-NAZAIRE,FR23239,LES COUETS,Urbaine,NOX as NO2,Industrielle,Oui,mesures fixes,Moy. annuelle,20.0,20.247828584558764,µg-m3,99.0,100.0,99.0,R,1,47.1859194,-1.59149722222222,Bouguenais,44020.0
2022/01/01 00:00:00,2022/12/31 23:59:59,AIR PAYS DE LA LOIRE,FR52ZAR01,ZAR ANGERS-LOIRE,FR23242,ROI RENE,Urbaine,NOX as NO2,Trafic,Oui,mesures fixes,Moy. annuelle,47.0,46.6048060220033,µg-m3,99.0,99.0,99.0,R,1,47.466992,-0.554686,Angers,49007.0
2022/01/01 00:00:00,2022/12/31 23:59:59,AIR PAYS DE LA LOIRE,FR52ZAG01,ZAG NANTES-SAINT-NAZAIRE,FR23249,CAME,Périurbaine,NOX as NO2,Industrielle,Oui,mesures fixes,Moy. annuelle,9.0,8.765387699003519,µg-m3,100.0,100.0,100.0,R,1,47.3210778,-2.127322,Montoir-de-Bretagne,44103.0
2022/01/01 00:00:00,2022/12/31 23:59:59,AIR PAYS DE LA LOIRE,FR52ZAG01,ZAG NANTES-SAINT-NAZAIRE,FR23251,FRERES GONCOURT,Urbaine,NOX as NO2,Trafic,Oui,mesures fixes,Moy. annuelle,66.0,66.43994038748136,µg-m3,100.0,100.0,100.0,R,1,47.204122,-1.564811,Nantes,44109.0
2022/01/01 00:00:00,2022/12/31 23:59:59,ATMO SUD,FR93ZAG02,ZAG NICE,FR24007,ANTIBES JEAN MOULIN,Périurbaine,NOX as NO2,Fond,Oui,mesures fixes,Moy. annuelle,39.0,38.71917651106781,µg-m3,100.0,100.0,100.0,R,1,43.598803,7.093153,Antibes,6004.0
2022/01/01 00:00:00,2022/12/31 23:59:59,ATMO SUD,FR93ZAG02,ZAG NICE,FR24009,CANNES BROUSSAILLES,Urbaine,NOX as NO2,Fond,Oui,mesures fixes,Moy. annuelle,23.0,22.550427153082424,µg-m3,99.0,100.0,99.0,R,1,43.558389,7.005919,Cannes,6029.0
2022/01/01 00:00:00,2022/12/31 23:59:59,ATMO SUD,FR93ZRE02,ZR PROVENCE-ALPES-COTE-D-AZUR,FR24018,MANOSQUE,Urbaine,NOX as NO2,Fond,Oui,mesures fixes,Moy. annuelle,12.0,12.193946008041396,µg-m3,99.0,100.0,99.0,R,1,43.835784,5.786131,Manosque,4112.0
2022/01/01 00:00:00,2022/12/31 23:59:59,ATMO SUD,FR93ZAG02,ZAG NICE,FR24023,CONTES 2,Périurbaine,NOX as NO2,Fond,Oui,mesures fixes,Moy. annuelle,20.0,19.70358698143476,µg-m3,100.0,100.0,100.0,R,1,43.788748,7.332382,Contes,6048.0
2022/01/01 00:00:00,2022/12/31 23:59:59,ATMO SUD,FR93ZRE02,ZR PROVENCE-ALPES-COTE-D-AZUR,FR24033,GAP COMMANDERIE,Urbaine,NOX as NO2,Fond,Oui,mesures fixes,Moy. annuelle,27.0,27.25514783218417,µg-m3,98.0,99.0,98.0,R,1,44.555193,6.073015,Gap,5061.0
2022/01/01 00:00:00,2022/12/31 23:59:59,ATMO SUD,FR93ZAG02,ZAG NICE,FR24035,NICE PROMENADE,Urbaine,NOX as NO2,Trafic,Oui,mesures fixes,Moy. annuelle,43.0,42.936675984160274,µg-m3,98.0,100.0,98.0,R,1,43.689291,7.242074,Nice,6088.0
2022/01/01 00:00:00,2022/12/31 23:59:59,ATMO SUD,FR93ZAG02,ZAG NICE,FR24036,NICE ARSON,Urbaine,NOX as NO2,Fond,Oui,mesures fixes,Moy. annuelle,35.0,35.26852875455719,µg-m3,97.0,100.0,97.0,R,1,43.702075,7.286256,Nice,6088.0
2022/01/01 00:00:00,2022/12/31 23:59:59,ATMO SUD,FR93ZRE02,ZR PROVENCE-ALPES-COTE-D-AZUR,FR24038,GAP JEAN JAURES,Urbaine,NOX as NO2,Trafic,Oui,mesures fixes,Moy. annuelle,52.0,51.988521958491134,µg-m3,100.0,100.0,100.0,R,1,44.548647,6.067237,Gap,5061.0
2022/01/01 00:00:00,2022/12/31 23:59:59,ATMO SUD,FR93ZRE02,ZR PROVENCE-ALPES-COTE-D-AZUR,FR24039,Obs Haute-Provence,Rurale près des villes,NOX as NO2,Fond,Oui,mesures fixes,Moy. annuelle,0.0,0.0,µg-m3,0.0,3.0,0.0,N,-1,43.933476,5.711809,,
2022/01/01 00:00:00,2022/12/31 23:59:59,ATMO NORMANDIE,FR28ZAG01,ZAG ROUEN,FR25036,Espace du Palais,Urbaine,NOX as NO2,Fond,Oui,mesures fixes,Moy. annuelle,26.0,26.078019380761013,µg-m3,97.0,99.0,97.0,R,1,49.442358,1.093789,Rouen,76540.0
2022/01/01 00:00:00,2022/12/31 23:59:59,ATMO NORMANDIE,FR28ZRE02,ZR NORMANDIE,FR25039,Evreux Centre,Urbaine,NOX as NO2,Fond,Oui,mesures fixes,Moy. annuelle,16.0,15.930494699646625,µg-m3,97.0,100.0,97.0,R,1,49.02134,1.148319,Évreux,27229.0
2022/01/01 00:00:00,2022/12/31 23:59:59,ATMO NORMANDIE,FR28ZAG01,ZAG ROUEN,FR25043,Centre Hospitalier,Urbaine,NOX as NO2,Fond,Oui,mesures fixes,Moy. annuelle,18.0,17.99584811923348,µg-m3,97.0,100.0,97.0,R,1,49.4005,1.099042,Sotteville-lès-Rouen,76681.0
2022/01/01 00:00:00,2022/12/31 23:59:59,ATMO NORMANDIE,FR28ZRE02,ZR NORMANDIE,FR25051,Dieppe prox-auto,Urbaine,NOX as NO2,Trafic,Oui,mesures fixes,Moy. annuelle,66.0,65.59607240033127,µg-m3,97.0,100.0,96.0,R,1,49.918007,1.073972,Dieppe,76217.0
2022/01/01 00:00:00,2022/12/31 23:59:59,ATMO NORMANDIE,FR28ZAG01,ZAG ROUEN,FR25053,Rouen Proxi Quai de Paris,Urbaine,NOX as NO2,Trafic,Oui,mesures fixes,Moy. annuelle,75.0,74.7583600549703,µg-m3,100.0,100.0,100.0,R,1,49.436699,1.098838,Rouen,76540.0
2022/01/01 00:00:00,2022/12/31 23:59:59,ATMO NORMANDIE,FR28ZAG01,ZAG ROUEN,FR25054,Petit-Quevilly Sud 3,Urbaine,NOX as NO2,Trafic,Oui,mesures fixes,Moy. annuelle,91.0,91.32691466083156,µg-m3,99.0,100.0,99.0,R,1,49.4341639,1.067052778,Le Petit-Quevilly,76498.0
2022/01/01 00:00:00,2022/12/31 23:59:59,ATMO BOURGOGNE-FRANCHE-COMTE,FR27ZAR02,ZAR DIJON,FR26005,Dijon Péjoces,Périurbaine,NOX as NO2,Fond,Oui,mesures fixes,Moy. annuelle,16.0,16.25127380339677,µg-m3,89.0,99.0,89.0,R,1,47.307368,5.065881,Dijon,21231.0
2022/01/01 00:00:00,2022/12/31 23:59:59,ATMO BOURGOGNE-FRANCHE-COMTE,FR27ZRE01,ZR BOURGOGNE-FRANCHE-COMTE,FR26012,Morvan,Rurale nationale,NOX as NO2,Fond,Oui,mesures fixes,Moy. annuelle,3.0,3.052844677137872,µg-m3,99.0,99.0,98.0,R,1,47.274762,4.099476,Saint-Brisson,58235.0
2022/01/01 00:00:00,2022/12/31 23:59:59,ATMO BOURGOGNE-FRANCHE-COMTE,FR27ZAR02,ZAR DIJON,FR26014,Dijon Trémouille,Urbaine,NOX as NO2,Fond,Oui,mesures fixes,Moy. annuelle,37.0,37.458130081300745,µg-m3,91.0,98.0,90.0,R,1,47.325744,5.041056,Dijon,21231.0
2022/01/01 00:00:00,2022/12/31 23:59:59,ATMO BOURGOGNE-FRANCHE-COMTE,FR27ZRE01,ZR BOURGOGNE-FRANCHE-COMTE,FR26016,Sens,Urbaine,NOX as NO2,Fond,Oui,mesures fixes,Moy. annuelle,14.0,13.762529219261374,µg-m3,98.0,50.0,49.0,N,-1,48.200436,3.2773,Sens,89387.0
2022/01/01 00:00:00,2022/12/31 23:59:59,ATMO BOURGOGNE-FRANCHE-COMTE,FR27ZRE01,ZR BOURGOGNE-FRANCHE-COMTE,FR26017,Nevers,Urbaine,NOX as NO2,Fond,Oui,mesures fixes,Moy. annuelle,11.0,10.742445783132574,µg-m3,95.0,100.0,95.0,R,1,46.996828,3.171092,Nevers,58194.0
2022/01/01 00:00:00,2022/12/31 23:59:59,ATMO AUVERGNE-RHÔNE-ALPES,FR84ZRE02,ZR AUVERGNE-RHONE-ALPES,FR27010,Plateau de Bonnevaux,Rurale près des villes,NOX as NO2,Fond,Oui,estimation objective,Moy. annuelle,4.0,3.8866474889128617,µg-m3,96.0,100.0,95.0,R,1,45.4609,5.181081,Lieudieu,38211.0
2022/01/01 00:00:00,2022/12/31 23:59:59,ATMO HAUTS DE FRANCE,FR32ZAG01,ZAG BLDV,FR28010,Harnes Serres,Périurbaine,NOX as NO2,Fond,Oui,mesures fixes,Moy. annuelle,19.0,19.25296728971959,µg-m3,98.0,100.0,98.0,R,1,50.44914,2.9,Harnes,62413.0
2022/01/01 00:00:00,2022/12/31 23:59:59,ATMO HAUTS DE FRANCE,FR32ZAR04,ZAR ARRAS,FR28022,St-Laurent-Blangy,Périurbaine,NOX as NO2,Fond,Oui,mesures fixes,Moy. annuelle,18.0,17.983605664488017,µg-m3,84.0,100.0,84.0,N,-1,50.30886,2.807369,Saint-Laurent-Blangy,62753.0
2022/01/01 00:00:00,2022/12/31 23:59:59,ATMO HAUTS DE FRANCE,FR32ZAG01,ZAG BLDV,FR28028,Bethune Stade,Urbaine,NOX as NO2,Fond,Oui,mesures fixes,Moy. annuelle,18.0,17.82778552414755,µg-m3,91.0,99.0,90.0,R,1,50.535385,2.635692,Béthune,62119.0
2022/01/01 00:00:00,2022/12/31 23:59:59,ATMO HAUTS DE FRANCE,FR32ZAG01,ZAG BLDV,FR28033,Noeux-les-Mines,Périurbaine,NOX as NO2,Fond,Oui,mesures fixes,Moy. annuelle,14.0,13.754641654641729,µg-m3,95.0,100.0,95.0,R,1,50.48972,2.66642,Nœux-les-Mines,62617.0
2022/01/01 00:00:00,2022/12/31 23:59:59,ATMO GRAND EST,FR44ZAG03,ZAG NANCY,FR30016,Hotel Districal,Urbaine,NOX as NO2,Trafic,Oui,mesures fixes,Moy. annuelle,26.0,25.80142065142073,µg-m3,99.0,100.0,99.0,R,1,48.685856,6.175111,Nancy,54395.0
2022/01/01 00:00:00,2022/12/31 23:59:59,ATMO GRAND EST,FR44ZRE01,ZR GRAND-EST,FR30019,Epinal,Urbaine,NOX as NO2,Fond,Oui,mesures fixes,Moy. annuelle,14.0,13.796890401314212,µg-m3,97.0,100.0,97.0,R,1,48.1726528,6.45281666,Épinal,88160.0
2022/01/01 00:00:00,2022/12/31 23:59:59,ATMO GRAND EST,FR44ZRE01,ZR GRAND-EST,FR30026,Luneville,Urbaine,NOX as NO2,Trafic,Oui,mesures fixes,Moy. annuelle,36.0,36.11151691948672,µg-m3,98.0,100.0,98.0,R,1,48.584824,6.4839,Lunéville,54329.0
2022/01/01 00:00:00,2022/12/31 23:59:59,ATMO GRAND EST,FR44ZRE01,ZR GRAND-EST,FR30028,Schlucht,Rurale près des villes,NOX as NO2,Fond,Oui,mesures indicatives,Moy. annuelle,4.0,3.6571971004487422,µg-m3,,,,R,1,48.051117,7.011114,Xonrupt-Longemer,88531.0
2022/01/01 00:00:00,2022/12/31 23:59:59,ATMO GRAND EST,FR44ZRE01,ZR GRAND-EST,FR30032,Heming,Rurale près des villes,NOX as NO2,Industrielle,Oui,mesures fixes,Moy. annuelle,11.0,11.06883790638684,µg-m3,99.0,100.0,99.0,R,1,48.694725,6.965275,Héming,57314.0
2022/01/01 00:00:00,2022/12/31 23:59:59,ATMO GRAND EST,FR44ZRE01,ZR GRAND-EST,FR30033,Jonville en Woevre,Rurale régionale,NOX as NO2,Fond,Oui,mesures fixes,Moy. annuelle,7.0,7.412564734895206,µg-m3,93.0,100.0,93.0,R,1,49.06583,5.785556,Jonville-en-Woëvre,55256.0
2022/01/01 00:00:00,2022/12/31 23:59:59,ATMO GRAND EST,FR44ZAG03,ZAG NANCY,FR30034,Nancy-Charles III,Urbaine,NOX as NO2,Fond,Oui,mesures fixes,Moy. annuelle,19.0,18.98814516129032,µg-m3,99.0,100.0,99.0,R,1,48.68817,6.190431,Nancy,54395.0
2022/01/01 00:00:00,2022/12/31 23:59:59,ATMO GRAND EST,FR44ZAG03,ZAG NANCY,FR30036,Nancy-Libération,Urbaine,NOX as NO2,Trafic,Oui,mesures fixes,Moy. annuelle,37.0,37.10783790342152,µg-m3,96.0,98.0,94.0,R,1,48.69708,6.154194,Nancy,54395.0
2022/01/01 00:00:00,2022/12/31 23:59:59,ATMO GRAND EST,FR44ZAG03,ZAG NANCY,FR30037,Nancy-Brabois 2,Périurbaine,NOX as NO2,Fond,Oui,mesures indicatives,Moy. annuelle,14.0,14.049976602714104,µg-m3,,,,R,1,48.656944,6.136022,Villers-lès-Nancy,54578.0
2022/01/01 00:00:00,2022/12/31 23:59:59,ATMO NOUVELLE-AQUITAINE,FR75ZAG01,ZAG BORDEAUX,FR31001,GRAND PARC,Urbaine,NOX as NO2,Fond,Oui,mesures fixes,Moy. annuelle,16.0,16.43146185206759,µg-m3,98.0,100.0,98.0,R,1,44.86121,-0.58037,Bordeaux,33063.0
2022/01/01 00:00:00,2022/12/31 23:59:59,ATMO NOUVELLE-AQUITAINE,FR75ZAG01,ZAG BORDEAUX,FR31002,TALENCE,Urbaine,NOX as NO2,Fond,Oui,mesures fixes,Moy. annuelle,21.0,20.931397928994112,µg-m3,80.0,77.0,62.0,N,-1,44.800462,-0.589398,Talence,33522.0
2022/01/01 00:00:00,2022/12/31 23:59:59,ATMO NOUVELLE-AQUITAINE,FR75ZAG01,ZAG BORDEAUX,FR31003,BORDEAUX-BASTIDE,Urbaine,NOX as NO2,Trafic,Oui,mesures fixes,Moy. annuelle,27.0,26.51579671905469,µg-m3,100.0,100.0,100.0,R,1,44.849647,-0.544995,Bordeaux,33063.0
2022/01/01 00:00:00,2022/12/31 23:59:59,ATMO NOUVELLE-AQUITAINE,FR75ZAG01,ZAG BORDEAUX,FR31006,MERIGNAC,Urbaine,NOX as NO2,Trafic,Oui,mesures fixes,Moy. annuelle,35.0,35.286277474124724,µg-m3,98.0,100.0,98.0,R,1,44.841373,-0.651068,Mérignac,33281.0
2022/01/01 00:00:00,2022/12/31 23:59:59,ATMO NOUVELLE-AQUITAINE,FR75ZAG01,ZAG BORDEAUX,FR31007,BASSENS,Urbaine,NOX as NO2,Fond,Oui,mesures fixes,Moy. annuelle,16.0,16.07532860300107,µg-m3,99.0,99.0,98.0,R,1,44.900296,-0.515835,Bassens,33032.0
2022/01/01 00:00:00,2022/12/31 23:59:59,ATMO NOUVELLE-AQUITAINE,FR75ZRE02,ZR NOUVELLE-AQUITAINE,FR31008,LE TEMPLE,Rurale régionale,NOX as NO2,Fond,Oui,mesures fixes,Moy. annuelle,3.0,3.08138279140744,µg-m3,97.0,100.0,97.0,R,1,44.86581,-0.94,Le Temple,33528.0
2022/01/01 00:00:00,2022/12/31 23:59:59,ATMO NOUVELLE-AQUITAINE,FR75ZAG01,ZAG BORDEAUX,FR31010,AMBES,Périurbaine,NOX as NO2,Industrielle,Oui,mesures fixes,Moy. annuelle,7.0,7.228952227094403,µg-m3,99.0,100.0,99.0,R,1,45.014777,-0.533942,Ambès,33004.0
2022/01/01 00:00:00,2022/12/31 23:59:59,ATMO NOUVELLE-AQUITAINE,FR75ZRE02,ZR NOUVELLE-AQUITAINE,FR31013,BILLERE,Urbaine,NOX as NO2,Fond,Oui,mesures fixes,Moy. annuelle,15.0,15.001607080470468,µg-m3,98.0,100.0,98.0,R,1,43.310797,-0.391543,Billère,64129.0
2022/01/01 00:00:00,2022/12/31 23:59:59,ATMO NOUVELLE-AQUITAINE,FR75ZAG02,ZAG BAYONNE,FR31016,SAINT-CROUTS,Urbaine,NOX as NO2,Fond,Oui,mesures fixes,Moy. annuelle,18.0,18.01730545876888,µg-m3,98.0,100.0,98.0,R,1,43.47982,-1.489157,Bayonne,64102.0
2022/01/01 00:00:00,2022/12/31 23:59:59,ATMO NOUVELLE-AQUITAINE,FR75ZAG02,ZAG BAYONNE,FR31017,ANGLET,Urbaine,NOX as NO2,Trafic,Oui,mesures fixes,Moy. annuelle,33.0,33.01335174953961,µg-m3,99.0,100.0,99.0,R,1,43.494041,-1.528753,Anglet,64024.0
2022/01/01 00:00:00,2022/12/31 23:59:59,ATMO NOUVELLE-AQUITAINE,FR75ZRE02,ZR NOUVELLE-AQUITAINE,FR31020,LACQ,Rurale près des villes,NOX as NO2,Industrielle,Oui,mesures fixes,Moy. annuelle,13.0,13.257522123893771,µg-m3,99.0,100.0,99.0,R,1,43.41123,-0.617728,Lacq,64300.0
2022/01/01 00:00:00,2022/12/31 23:59:59,ATMO NOUVELLE-AQUITAINE,FR75ZRE02,ZR NOUVELLE-AQUITAINE,FR31021,LABASTIDE CEZERACQ,Rurale près des villes,NOX as NO2,Fond,Oui,mesures fixes,Moy. annuelle,11.0,11.14871499366139,µg-m3,99.0,100.0,99.0,R,1,43.376279,-0.538206,Labastide-Cézéracq,64288.0
2022/01/01 00:00:00,2022/12/31 23:59:59,ATMO NOUVELLE-AQUITAINE,FR75ZRE02,ZR NOUVELLE-AQUITAINE,FR31024,MOURENX,Rurale près des villes,NOX as NO2,Industrielle,Oui,mesures fixes,Moy. annuelle,6.0,6.345237822349543,µg-m3,100.0,100.0,100.0,R,1,43.377194,-0.610278,Mourenx,64410.0
2022/01/01 00:00:00,2022/12/31 23:59:59,ATMO NOUVELLE-AQUITAINE,FR75ZRE02,ZR NOUVELLE-AQUITAINE,FR31033,PERIGUEUX,Urbaine,NOX as NO2,Fond,Oui,mesures fixes,Moy. annuelle,13.0,12.569111323459174,µg-m3,96.0,100.0,96.0,R,1,45.189825,0.727184,Trélissac,24557.0
2022/01/01 00:00:00,2022/12/31 23:59:59,ATMO NOUVELLE-AQUITAINE,FR75ZRE02,ZR NOUVELLE-AQUITAINE,FR31036,DAX,Urbaine,NOX as NO2,Fond,Oui,mesures fixes,Moy. annuelle,17.0,17.00004667444569,µg-m3,99.0,99.0,98.0,R,1,43.704643,-1.038557,Dax,40088.0
2022/01/01 00:00:00,2022/12/31 23:59:59,ATMO NOUVELLE-AQUITAINE,FR75ZRE02,ZR NOUVELLE-AQUITAINE,FR31039,PAU TOURASSE,Urbaine,NOX as NO2,Trafic,Oui,mesures fixes,Moy. annuelle,44.0,44.28296364052154,µg-m3,100.0,100.0,100.0,R,1,43.311091,-0.352116,Pau,64445.0
2022/01/01 00:00:00,2022/12/31 23:59:59,ATMO NOUVELLE-AQUITAINE,FR75ZRE02,ZR NOUVELLE-AQUITAINE,FR31040,MARMANDE,Périurbaine,NOX as NO2,Trafic,Oui,mesures fixes,Moy. annuelle,22.0,21.93676225155517,µg-m3,75.0,100.0,75.0,N,-1,44.508782,0.142695,Marmande,47157.0
2022/01/01 00:00:00,2022/12/31 23:59:59,ATMO NOUVELLE-AQUITAINE,FR75ZRE02,ZR NOUVELLE-AQUITAINE,FR31041,MONT DE MARSAN,Urbaine,NOX as NO2,Trafic,Oui,mesures fixes,Moy. annuelle,26.0,26.13005181347151,µg-m3,97.0,100.0,97.0,R,1,43.8961,-0.491403,Mont-de-Marsan,40192.0
2022/01/01 00:00:00,2022/12/31 23:59:59,ATMO NOUVELLE-AQUITAINE,FR75ZAG02,ZAG BAYONNE,FR31043,Biarritz-hippodrome,Périurbaine,NOX as NO2,Fond,Oui,mesures fixes,Moy. annuelle,14.0,13.64568904593637,µg-m3,97.0,100.0,97.0,R,1,43.470237,-1.553876,Biarritz,64122.0
2022/01/01 00:00:00,2022/12/31 23:59:59,ATMO NOUVELLE-AQUITAINE,FR75ZAG01,ZAG BORDEAUX,FR31045,Bordeaux_GAUTIER,Urbaine,NOX as NO2,Trafic,Oui,mesures fixes,Moy. annuelle,83.0,83.13639903791093,µg-m3,100.0,100.0,100.0,R,1,44.833825,-0.598525,Bordeaux,33063.0
2022/01/01 00:00:00,2022/12/31 23:59:59,ATMO BOURGOGNE-FRANCHE-COMTE,FR27ZAR04,ZAR CHALON,FR32001,Chalon Centre Ville,Urbaine,NOX as NO2,Trafic,Oui,mesures fixes,Moy. annuelle,35.0,34.68420691233698,µg-m3,100.0,100.0,100.0,R,1,46.782311,4.847322,Chalon-sur-Saône,71076.0
2022/01/01 00:00:00,2022/12/31 23:59:59,ATMO BOURGOGNE-FRANCHE-COMTE,FR27ZAR04,ZAR CHALON,FR32002,Champforgueil,Périurbaine,NOX as NO2,Fond,Oui,mesures fixes,Moy. annuelle,21.0,20.545489277791443,µg-m3,93.0,100.0,93.0,R,1,46.821056,4.835083,Champforgeuil,71081.0
2022/01/01 00:00:00,2022/12/31 23:59:59,ATMO BOURGOGNE-FRANCHE-COMTE,FR27ZRE01,ZR BOURGOGNE-FRANCHE-COMTE,FR32005,Montceau-les-Mines 9me écluse,Urbaine,NOX as NO2,Fond,Oui,mesures fixes,Moy. annuelle,20.0,19.819562967222545,µg-m3,99.0,100.0,99.0,R,1,46.678785,4.366893,Montceau-les-Mines,71306.0
2022/01/01 00:00:00,2022/12/31 23:59:59,ATMO BOURGOGNE-FRANCHE-COMTE,FR27ZRE01,ZR BOURGOGNE-FRANCHE-COMTE,FR32006,Macon Paul Bert,Périurbaine,NOX as NO2,Fond,Oui,mesures fixes,Moy. annuelle,19.0,19.443952180028152,µg-m3,98.0,99.0,97.0,R,1,46.316172,4.839994,Mâcon,71270.0
2022/01/01 00:00:00,2022/12/31 23:59:59,ATMO AUVERGNE-RHÔNE-ALPES,FR84ZRE02,ZR AUVERGNE-RHONE-ALPES,FR33302,St Germain/Rhône,Rurale près des villes,NOX as NO2,Fond,Oui,mesures indicatives,Moy. annuelle,4.0,4.409439380696714,µg-m3,,,,R,1,46.072224,5.820833,Saint-Germain-sur-Rhône,74235.0
2022/01/01 00:00:00,2022/12/31 23:59:59,LIG'AIR,FR24ZAG02,ZAG ORLEANS,FR34013,Gambetta,Urbaine,NOX as NO2,Trafic,Oui,mesures fixes,Moy. annuelle,41.0,40.55267612076861,µg-m3,100.0,100.0,100.0,R,1,47.907083,1.901139,Orléans,45234.0
2022/01/01 00:00:00,2022/12/31 23:59:59,LIG'AIR,FR24ZAG02,ZAG ORLEANS,FR34014,St Jean,Urbaine,NOX as NO2,Fond,Oui,mesures fixes,Moy. annuelle,12.0,11.83496462947932,µg-m3,98.0,100.0,98.0,R,1,47.917398,1.966258,Saint-Jean-de-Braye,45284.0
2022/01/01 00:00:00,2022/12/31 23:59:59,LIG'AIR,FR24ZAG01,ZAG TOURS,FR34024,Joué lès Tours,Urbaine,NOX as NO2,Fond,Oui,mesures fixes,Moy. annuelle,12.0,12.34253149370126,µg-m3,98.0,97.0,95.0,R,1,47.344139,0.653778,Joué-lès-Tours,37122.0
2022/01/01 00:00:00,2022/12/31 23:59:59,LIG'AIR,FR24ZAG01,ZAG TOURS,FR34025,La Bruyère,Urbaine,NOX as NO2,Fond,Oui,mesures fixes,Moy. annuelle,12.0,11.779729093050651,µg-m3,99.0,98.0,97.0,R,1,47.419083,0.682944,Tours,37261.0
2022/01/01 00:00:00,2022/12/31 23:59:59,LIG'AIR,FR24ZAG01,ZAG TOURS,FR34028,Pompidou,Urbaine,NOX as NO2,Trafic,Oui,mesures fixes,Moy. annuelle,42.0,41.69087221095355,µg-m3,96.0,99.0,96.0,R,1,47.394639,0.704861,Tours,37261.0
2022/01/01 00:00:00,2022/12/31 23:59:59,LIG'AIR,FR24ZAG02,ZAG ORLEANS,FR34029,La_Source-CNRS,Urbaine,NOX as NO2,Fond,Oui,mesures fixes,Moy. annuelle,9.0,8.501691794222536,µg-m3,99.0,100.0,99.0,R,1,47.83775,1.944667,Orléans,45234.0
2022/01/01 00:00:00,2022/12/31 23:59:59,LIG'AIR,FR24ZRE02,ZR CENTRE-VAL-DE-LOIRE,FR34030,Bourges-Baffier,Urbaine,NOX as NO2,Trafic,Oui,mesures fixes,Moy. annuelle,19.0,19.156529209622004,µg-m3,100.0,100.0,100.0,R,1,47.075044,2.407183,Bourges,18033.0
2022/01/01 00:00:00,2022/12/31 23:59:59,LIG'AIR,FR24ZRE02,ZR CENTRE-VAL-DE-LOIRE,FR34032,Leblanc,Urbaine,NOX as NO2,Fond,Oui,mesures fixes,Moy. annuelle,12.0,11.9822437449556,µg-m3,99.0,100.0,99.0,R,1,47.082778,2.405333,Bourges,18033.0
2022/01/01 00:00:00,2022/12/31 23:59:59,LIG'AIR,FR24ZRE02,ZR CENTRE-VAL-DE-LOIRE,FR34038,Verneuil,Rurale nationale,NOX as NO2,Fond,Oui,mesures fixes,Moy. annuelle,3.0,3.4239043368806565,µg-m3,100.0,100.0,100.0,R,1,46.814694,2.610069,Verneuil,18277.0
2022/01/01 00:00:00,2022/12/31 23:59:59,LIG'AIR,FR24ZRE02,ZR CENTRE-VAL-DE-LOIRE,FR34043,Oysonville,Rurale régionale,NOX as NO2,Fond,Oui,mesures fixes,Moy. annuelle,7.0,7.117288329519429,µg-m3,100.0,100.0,100.0,R,1,48.391139,1.955611,Oysonville,28294.0
2022/01/01 00:00:00,2022/12/31 23:59:59,LIG'AIR,FR24ZRE02,ZR CENTRE-VAL-DE-LOIRE,FR34046,Dreux Centre,Urbaine,NOX as NO2,Fond,Oui,mesures fixes,Moy. annuelle,10.0,9.6918128654971,µg-m3,100.0,100.0,100.0,R,1,48.729694,1.358472,Dreux,28134.0
2022/01/01 00:00:00,2022/12/31 23:59:59,LIG'AIR,FR24ZRE02,ZR CENTRE-VAL-DE-LOIRE,FR34047,Saint-Remy,Périurbaine,NOX as NO2,Trafic,Oui,mesures fixes,Moy. annuelle,70.0,69.63418013856808,µg-m3,99.0,100.0,99.0,R,1,48.760889,1.233639,Saint-Rémy-sur-Avre,28359.0
2022/01/01 00:00:00,2022/12/31 23:59:59,LIG'AIR,FR24ZRE02,ZR CENTRE-VAL-DE-LOIRE,FR34048,Chartres_trafic,Urbaine,NOX as NO2,Trafic,Oui,mesures fixes,Moy. annuelle,24.0,23.52158722813521,µg-m3,99.0,99.0,99.0,R,1,48.449158,1.492469,Chartres,28085.0
2022/01/01 00:00:00,2022/12/31 23:59:59,LIG'AIR,FR24ZRE02,ZR CENTRE-VAL-DE-LOIRE,FR34051,Chateauroux Sud,Urbaine,NOX as NO2,Fond,Oui,mesures fixes,Moy. annuelle,12.0,12.080488385943994,µg-m3,96.0,100.0,96.0,R,1,46.798278,1.693139,Châteauroux,36044.0
2022/01/01 00:00:00,2022/12/31 23:59:59,LIG'AIR,FR24ZAR02,ZAR BLOIS,FR34061,Blois nord,Urbaine,NOX as NO2,Fond,Oui,mesures fixes,Moy. annuelle,11.0,10.877734553775744,µg-m3,100.0,100.0,100.0,R,1,47.594256,1.302667,Blois,41018.0
2022/01/01 00:00:00,2022/12/31 23:59:59,LIG'AIR,FR24ZAR02,ZAR BLOIS,FR34063,Blois_trafic,Urbaine,NOX as NO2,Trafic,Oui,mesures fixes,Moy. annuelle,43.0,43.056877822531774,µg-m3,96.0,97.0,94.0,R,1,47.586544,1.326533,Blois,41018.0
2022/01/01 00:00:00,2022/12/31 23:59:59,LIG'AIR,FR24ZRE02,ZR CENTRE-VAL-DE-LOIRE,FR34064,Montargis_trafic,Urbaine,NOX as NO2,Trafic,Oui,mesures fixes,Moy. annuelle,50.0,49.515080124372254,µg-m3,99.0,97.0,95.0,R,1,48.006936,2.740111,Montargis,45208.0
2022/01/01 00:00:00,2022/12/31 23:59:59,LIG'AIR,FR24ZRE02,ZR CENTRE-VAL-DE-LOIRE,FR34065,Montargis Fond,Urbaine,NOX as NO2,Fond,Oui,mesures fixes,Moy. annuelle,18.0,17.68045553893941,µg-m3,99.0,100.0,99.0,R,1,47.996994,2.731511,Montargis,45208.0
2022/01/01 00:00:00,2022/12/31 23:59:59,ATMO NOUVELLE-AQUITAINE,FR75ZRE02,ZR NOUVELLE-AQUITAINE,FR35002,ST JUNIEN - Fontaine,Urbaine,NOX as NO2,Fond,Oui,mesures fixes,Moy. annuelle,8.0,7.830534531693484,µg-m3,97.0,100.0,97.0,R,1,45.884851,0.898431,Saint-Junien,87154.0
2022/01/01 00:00:00,2022/12/31 23:59:59,ATMO NOUVELLE-AQUITAINE,FR75ZRE02,ZR NOUVELLE-AQUITAINE,FR35004,BRIVE - Dalton,Urbaine,NOX as NO2,Fond,Oui,mesures fixes,Moy. annuelle,18.0,17.798046468616338,µg-m3,99.0,99.0,99.0,R,1,45.158738,1.537259,Brive-la-Gaillarde,19031.0
2022/01/01 00:00:00,2022/12/31 23:59:59,ATMO NOUVELLE-AQUITAINE,FR75ZRE02,ZR NOUVELLE-AQUITAINE,FR35005,GUERET - Nicolas,Urbaine,NOX as NO2,Fond,Oui,mesures fixes,Moy. annuelle,16.0,16.238254868129168,µg-m3,93.0,100.0,93.0,R,1,46.17362,1.873024,Guéret,23096.0
2022/01/01 00:00:00,2022/12/31 23:59:59,ATMO NOUVELLE-AQUITAINE,FR75ZRE02,ZR NOUVELLE-AQUITAINE,FR35006,TULLE - Hugo,Urbaine,NOX as NO2,Fond,Oui,mesures fixes,Moy. annuelle,15.0,15.48702865761688,µg-m3,98.0,100.0,98.0,R,1,45.262665,1.762752,Tulle,19272.0
2022/01/01 00:00:00,2022/12/31 23:59:59,ATMO NOUVELLE-AQUITAINE,FR75ZAR01,ZAR LIMOGES,FR35010,LIMOGES - Aine,Urbaine,NOX as NO2,Trafic,Oui,mesures fixes,Moy. annuelle,43.0,43.01659114674082,µg-m3,98.0,100.0,98.0,R,1,45.829975,1.254772,Limoges,87085.0
2022/01/01 00:00:00,2022/12/31 23:59:59,ATMO NOUVELLE-AQUITAINE,FR75ZRE02,ZR NOUVELLE-AQUITAINE,FR35019,SAILLAT - Ipaper,Rurale près des villes,NOX as NO2,Industrielle,Oui,mesures fixes,Moy. annuelle,7.0,6.969584014956795,µg-m3,98.0,100.0,98.0,R,1,45.875834,0.823951,Saillat-sur-Vienne,87131.0
2022/01/01 00:00:00,2022/12/31 23:59:59,ATMO NOUVELLE-AQUITAINE,FR75ZAR01,ZAR LIMOGES,FR35027,LIMOGES - BERLAND,Urbaine,NOX as NO2,Fond,Oui,mesures fixes,Moy. annuelle,22.0,22.36215437788013,µg-m3,99.0,100.0,99.0,R,1,45.842204,1.259689,Limoges,87085.0
2022/01/01 00:00:00,2022/12/31 23:59:59,ATMO AUVERGNE-RHÔNE-ALPES,FR84ZRE02,ZR AUVERGNE-RHONE-ALPES,FR36021,Drôme Rurale Sud-SND,Rurale nationale,NOX as NO2,Fond,Oui,estimation objective,Moy. annuelle,3.0,2.972233054249335,µg-m3,100.0,100.0,100.0,R,1,44.569443,5.278972,Saint-Nazaire-le-Désert,26321.0
2022/01/01 00:00:00,2022/12/31 23:59:59,GWAD'AIR,FR01ZAG01,ZAG POINTE-A-PITRE,FR37001,ST de Baie mahault,Périurbaine,NOX as NO2,Fond,Oui,estimation objective,Moy. annuelle,11.0,11.210508670520204,µg-m3,99.0,100.0,99.0,R,1,16.257308,-61.591725,Baie-Mahault,97103.0
2022/01/01 00:00:00,2022/12/31 23:59:59,GWAD'AIR,FR01ZAG01,ZAG POINTE-A-PITRE,FR37006,PTP-VICTOIRE,Urbaine,NOX as NO2,Fond,Oui,mesures fixes,Moy. annuelle,70.0,70.03929721030033,µg/m3,93.0,92.0,85.0,R,1,16.23674,-61.534101,Pointe-à-Pitre,97120.0
2022/01/01 00:00:00,2022/12/31 23:59:59,GWAD'AIR,FR01ZRE01,ZR GUADELOUPE,FR37010,BT_PICHON,Urbaine,NOX as NO2,Fond,Oui,mesures fixes,Moy. annuelle,43.0,42.72397506593144,µg/m3,97.0,98.0,95.0,R,1,15.994349,-61.727203,Basse-Terre,97105.0
2022/01/01 00:00:00,2022/12/31 23:59:59,GWAD'AIR,FR01ZAG01,ZAG POINTE-A-PITRE,FR37040,ABYMES RN1,Périurbaine,NOX as NO2,Trafic,Oui,mesures fixes,Moy. annuelle,39.0,38.70263991552273,µg/m3,93.0,81.0,76.0,N,-1,16.254085,-61.53713,Les Abymes,97101.0
2022/01/01 00:00:00,2022/12/31 23:59:59,ATMO GRAND EST,FR44ZAG01,ZAG STRASBOURG,FR42010,Strasbourg Neudorf Ecoquartier Danube,Urbaine,NOX as NO2,Fond,Oui,mesures fixes,Moy. annuelle,32.0,31.77065755361784,µg-m3,97.0,100.0,97.0,R,1,48.572808,7.767833,Strasbourg,67482.0
2022/01/01 00:00:00,2022/12/31 23:59:59,ATMO GRAND EST,FR44ZRE01,ZR GRAND-EST,FR42011,Haguenau-Place marché aux bestiaux,Urbaine,NOX as NO2,Fond,Oui,mesures fixes,Moy. annuelle,24.0,23.99287680660697,µg-m3,100.0,100.0,100.0,R,1,48.818352,7.786409,Haguenau,67180.0
2022/01/01 00:00:00,2022/12/31 23:59:59,ATMO OCCITANIE,FR76ZRE01,ZR OCCITANIE,FR50060,Montauban,Urbaine,NOX as NO2,Fond,Oui,mesures fixes,Moy. annuelle,21.0,21.37904559414124,µg-m3,99.0,98.0,97.0,R,1,44.01285657,1.37530522,Montauban,82121.0
2022/01/01 00:00:00,2022/12/31 23:59:59,ATMO OCCITANIE,FR76ZAR01,ZAR PERPIGNAN,FR50224,Perpignan bd Pyrénées,Urbaine,NOX as NO2,Trafic,Oui,mesures fixes,Moy. annuelle,93.0,92.59936923256612,µg-m3,98.0,100.0,98.0,R,1,42.69587,2.888483,Perpignan,66136.0
2022/01/01 00:00:00,2022/12/31 23:59:59,ATMO OCCITANIE,FR76ZAG02,ZAG MONTPELLIER,FR50225,Montpellier Liberté,Urbaine,NOX as NO2,Trafic,Oui,mesures fixes,Moy. annuelle,131.0,130.99573991031355,µg-m3,100.0,56.0,56.0,N,-1,43.611606,3.827868,Montpellier,34172.0
2022/01/01 00:00:00,2022/12/31 23:59:59,ATMO BOURGOGNE-FRANCHE-COMTE,FR27ZAR03,ZAR BESANCON,FR82001,Besancon Mégevand,Urbaine,NOX as NO2,Trafic,Oui,mesures fixes,Moy. annuelle,31.0,30.658716452742112,µg-m3,98.0,100.0,98.0,R,1,47.235973,6.023611,Besançon,25056.0
2022/01/01 00:00:00,2022/12/31 23:59:59,ATMO BOURGOGNE-FRANCHE-COMTE,FR27ZAR03,ZAR BESANCON,FR82006,Besançon Prévoyance,Urbaine,NOX as NO2,Fond,Oui,mesures fixes,Moy. annuelle,21.0,21.111454859114414,µg-m3,99.0,100.0,99.0,R,1,47.2474,6.015419,Besançon,25056.0
2022/01/01 00:00:00,2022/12/31 23:59:59,ATMO BOURGOGNE-FRANCHE-COMTE,FR27ZAR01,ZAR BELFORT-MONTBELIARD,FR82010,Montbéliard centre,Urbaine,NOX as NO2,Fond,Oui,mesures fixes,Moy. annuelle,26.0,26.262140556019634,µg-m3,96.0,100.0,96.0,R,1,47.510307,6.794,Montbéliard,25388.0
2022/01/01 00:00:00,2022/12/31 23:59:59,ATMO BOURGOGNE-FRANCHE-COMTE,FR27ZAR01,ZAR BELFORT-MONTBELIARD,FR82020,Belfort Octroi,Urbaine,NOX as NO2,Trafic,Oui,mesures fixes,Moy. annuelle,36.0,36.39277080695277,µg-m3,99.0,100.0,99.0,R,1,47.640667,6.859278,Belfort,90010.0
2022/01/01 00:00:00,2022/12/31 23:59:59,ATMO BOURGOGNE-FRANCHE-COMTE,FR27ZRE01,ZR BOURGOGNE-FRANCHE-COMTE,FR82040,Dole centre,Urbaine,NOX as NO2,Fond,Oui,mesures fixes,Moy. annuelle,17.0,17.205253413561618,µg-m3,99.0,100.0,99.0,R,1,47.09672,5.496389,Dole,39198.0
2022/01/01 00:00:00,2022/12/31 23:59:59,ATMO BOURGOGNE-FRANCHE-COMTE,FR27ZRE01,ZR BOURGOGNE-FRANCHE-COMTE,FR82041,Tavaux,Périurbaine,NOX as NO2,Industrielle,Oui,mesures fixes,Moy. annuelle,9.0,8.892180312787541,µg-m3,99.0,100.0,99.0,R,1,47.0426,5.400944,Tavaux,39526.0
2022/01/01 00:00:00,2022/12/31 23:59:59,ATMO BOURGOGNE-FRANCHE-COMTE,FR27ZRE01,ZR BOURGOGNE-FRANCHE-COMTE,FR82042,Damparis,Périurbaine,NOX as NO2,Industrielle,Oui,mesures fixes,Moy. annuelle,14.0,13.658865505563586,µg-m3,96.0,99.0,94.0,R,1,47.065628,5.415061,Damparis,39189.0
2022/01/01 00:00:00,2022/12/31 23:59:59,ATMO BOURGOGNE-FRANCHE-COMTE,FR27ZRE01,ZR BOURGOGNE-FRANCHE-COMTE,FR82070,Baume-les-Dames,Urbaine,NOX as NO2,Trafic,Oui,mesures fixes,Moy. annuelle,21.0,20.746125851138764,µg/m3,98.0,99.0,97.0,R,1,47.351288,6.359722,Baume-les-Dames,25047.0
